event_id,qid,label,category,breadth,start_hour,burst_at,burst_lang,burst_kind,lead_minutes
Q199801@20260921T02,199801,Cindy Crawford,entertainment,21,2026-09-21T02:00Z,,,,
Q2633699@20261008T05,2633699,,human,21,2026-10-08T05:00Z,2026-10-08T11:03:57Z,en,window,-364
Q222134@20260925T07,222134,Ted Kaczynski,human,21,2026-09-25T07:00Z,,,,
Q43082535@20260910T14,43082535,Sabah Football Club,sports,21,2026-09-10T14:00Z,,,,
Q1196@20260920T06,1196,Mecklenburg-Vorpommern,other,21,2026-09-20T06:00Z,,,,
Q28861547@20260919T19,28861547,Raphinha,sports,20,2026-09-19T19:00Z,,,,
Q615@20261006T15,615,Lionel Messi,sports,19,2026-10-06T15:00Z,2026-10-06T23:21:13Z,es,window,-501
Q112073790@20260913T11,112073790,Kimi Antonelli,sports,19,2026-09-13T11:00Z,,,,
Q962@20261006T10,962,Benin,other,19,2026-10-06T10:00Z,,,,
Q2913@20260930T12,2913,October 1,other,19,2026-09-30T12:00Z,,,,
Q270685@20260911T12,270685,"Princess Astrid, Mrs. Ferner",death,18,2026-09-11T12:00Z,2026-09-11T12:54:15Z,no,window,-54
Q1317@20260910T19,1317,Osama bin Laden,human,18,2026-09-10T19:00Z,,,,
Q15980635@20260924T04,15980635,UEFA Nations League,other,18,2026-09-24T04:00Z,,,,
Q15031@20260923T19,15031,Xi Jinping,human,18,2026-09-23T19:00Z,,,,
Q22763@20260910T23,22763,9/11 conspiracy theories,other,18,2026-09-10T23:00Z,,,,
Q242078@20261009T09,242078,,human,17,2026-10-09T09:00Z,2026-10-09T09:03:34Z,en,window,-4
Q228928@20261006T21,228928,Eva Marie Saint,death,17,2026-10-06T21:00Z,2026-10-06T21:20:48Z,en,window,-21
Q19848@20260911T19,19848,,entertainment,17,2026-09-11T19:00Z,,,,
Q1120838@20260910T18,1120838,Como 1907,sports,17,2026-09-10T18:00Z,,,,
Q56424307@20260916T19,56424307,Karim Adeyemi,sports,17,2026-09-16T19:00Z,,,,
Q317282@20260913T15,317282,Enzo Maresca,sports,17,2026-09-13T15:00Z,,,,
Q27049064@20260927T11,27049064,João Félix,sports,17,2026-09-27T11:00Z,,,,
Q2851@20260910T09,2851,September 11,other,16,2026-09-10T09:00Z,,,,
Q223@20260918T21,223,Greenland,other,16,2026-09-18T21:00Z,,,,
Q2012594@20260913T17,2012594,Gianmarco Tamberi,human,16,2026-09-13T17:00Z,2026-09-13T18:47:15Z,it,window,-107
Q8823@20260913T13,8823,Levante UD,sports,16,2026-09-13T13:00Z,,,,
Q804@20261009T18,804,Panama,other,16,2026-10-09T18:00Z,,,,
Q409632@20261001T02,409632,(RS)-pentobarbital,other,15,2026-10-01T02:00Z,,,,
Q13990552@20260911T19,13990552,,sports,15,2026-09-11T19:00Z,,,,
Q395274@20260914T20,395274,Michael J. Fox,entertainment,15,2026-09-14T20:00Z,,,,
Q11666@20260912T20,11666,Maria Sharapova,sports,15,2026-09-12T20:00Z,,,,
Q43723@20260924T18,43723,Benjamin Netanyahu,human,15,2026-09-24T18:00Z,,,,
Q60772@20260916T05,60772,Ursula von der Leyen,human,15,2026-09-16T05:00Z,,,,
Q151853@20260924T13,151853,Mark van Bommel,sports,15,2026-09-24T13:00Z,,,,
Q115819313@20260919T14,115819313,Fabian Hürzeler,sports,15,2026-09-19T14:00Z,,,,
Q2926@20261006T13,2926,October 7,other,15,2026-10-06T13:00Z,,,,
Q17612631@20261006T19,17612631,Mikel Merino,sports,15,2026-10-06T19:00Z,,,,
Q9673@20261004T07,9673,Lewis Hamilton,human,15,2026-10-04T07:00Z,,,,
Q56424307@20260913T15,56424307,Karim Adeyemi,sports,15,2026-09-13T15:00Z,,,,
Q152832@20260926T17,152832,Kevin Keegan,sports,15,2026-09-26T17:00Z,,,,
Q45179405@20260926T18,45179405,Anthony Gordon,sports,15,2026-09-26T18:00Z,,,,
Q164038@20260913T15,164038,Pep Guardiola,sports,15,2026-09-13T15:00Z,,,,
Q483837@20260929T18,483837,Luka Modrić,sports,15,2026-09-29T18:00Z,,,,
Q1246@20261004T15,1246,Kosovo,other,15,2026-10-04T15:00Z,,,,
Q849701@20261001T06,849701,East of Eden,other,14,2026-10-01T06:00Z,,,,
Q527550@20260930T16,527550,Jorge Jesus,sports,14,2026-09-30T16:00Z,,,,
Q235236@20260911T12,235236,"Princess Ragnhild, Mrs. Lorentzen",human,14,2026-09-11T12:00Z,,,,
Q49764@20260920T16,49764,Die Linke,politics,14,2026-09-20T16:00Z,,,,
Q181815@20260929T12,181815,Tupolev Tu-95,other,14,2026-09-29T12:00Z,,,,
Q154912@20260911T13,154912,Olav V of Norway,human,14,2026-09-11T13:00Z,,,,
Q2891@20260920T15,2891,September 21,other,14,2026-09-20T15:00Z,,,,
Q19453@20260919T14,19453,Brighton & Hove Albion F.C.,sports,14,2026-09-19T14:00Z,,,,
Q2881@20260929T13,2881,September 30,other,14,2026-09-29T13:00Z,,,,
Q478167@20260910T18,478167,FK Bodø/Glimt,sports,14,2026-09-10T18:00Z,,,,
Q105071364@20260926T10,105071364,Isack Hadjar,sports,14,2026-09-26T10:00Z,,,,
Q2924@20261007T09,2924,October 8,other,14,2026-10-07T09:00Z,,,,
Q112184628@20260920T14,112184628,Dean Huijsen,sports,14,2026-09-20T14:00Z,,,,
Q21195147@20260926T20,21195147,Mikel Oyarzabal,sports,14,2026-09-26T20:00Z,,,,
Q56424307@20260919T20,56424307,Karim Adeyemi,sports,14,2026-09-19T20:00Z,,,,
Q313316@20260910T17,313316,Romelu Lukaku,sports,14,2026-09-10T17:00Z,,,,
Q337535@20261005T10,337535,Steam,other,14,2026-10-05T10:00Z,,,,
Q171571@20260922T14,171571,Hayden Panettiere,entertainment,13,2026-09-22T14:00Z,2026-09-22T16:47:49Z,en,window,-168
Q110067@20260910T23,110067,Mohamed Atta,human,13,2026-09-10T23:00Z,,,,
Q531599@20260923T15,531599,Harvey Weinstein,entertainment,13,2026-09-23T15:00Z,,,,
Q34490@20260910T20,34490,Al-Qaeda,other,13,2026-09-10T20:00Z,,,,
Q133050@20260924T17,133050,Susan Sarandon,entertainment,13,2026-09-24T17:00Z,,,,
Q231281@20260911T12,231281,Princess Märtha of Sweden,human,13,2026-09-11T12:00Z,,,,
Q23760@20261002T07,23760,Rowan Atkinson,entertainment,13,2026-10-02T07:00Z,,,,
Q527550@20261004T18,527550,Jorge Jesus,sports,13,2026-10-04T18:00Z,,,,
Q2883@20260927T13,2883,September 28,other,13,2026-09-27T13:00Z,,,,
Q2888@20260922T13,2888,September 23,other,13,2026-09-22T13:00Z,,,,
Q113704154@20260929T18,113704154,Lamine Yamal,sports,13,2026-09-29T18:00Z,,,,
Q18207229@20260919T17,18207229,Dominik Livaković,sports,13,2026-09-19T17:00Z,,,,
Q2846@20260914T09,2846,September 15,other,13,2026-09-14T09:00Z,,,,
Q258115@20260920T07,258115,Diego Simeone,sports,13,2026-09-20T07:00Z,,,,
Q113704154@20261003T18,113704154,Lamine Yamal,sports,13,2026-10-03T18:00Z,,,,
Q184556@20260911T18,184556,Sergei Bubka,sports,13,2026-09-11T18:00Z,,,,
Q165704@20260913T17,165704,high jump,other,13,2026-09-13T17:00Z,,,,
Q38236692@20260911T17,38236692,Yaroslava Mahuchikh,sports,13,2026-09-11T17:00Z,,,,
Q240896@20260924T16,240896,Marina Vlady,death,12,2026-09-24T16:00Z,2026-09-24T16:46:02Z,fr,window,-46
Q313489@20261005T20,313489,,death,12,2026-10-05T20:00Z,2026-10-05T20:37:35Z,en,window,-38
Q22673974@20260921T03,22673974,Kaia Gerber,entertainment,12,2026-09-21T03:00Z,,,,
Q62050484@20261005T20,62050484,Michael Olise,sports,12,2026-10-05T20:00Z,2026-10-05T20:49:29Z,fr,window,-49
Q969725@20261006T18,969725,Harry Kane,sports,12,2026-10-06T18:00Z,,,,
Q115942640@20261004T10,115942640,2026 Formula One World Championship,other,12,2026-10-04T10:00Z,,,,
Q192861@20261001T15,192861,Venom,entertainment,12,2026-10-01T15:00Z,,,,
Q160472@20260924T18,160472,Marc-André ter Stegen,sports,12,2026-09-24T18:00Z,,,,
Q509489@20260919T14,509489,Pascal Groß,sports,12,2026-09-19T14:00Z,,,,
Q57456997@20260920T13,57456997,Brian Brobbey,sports,12,2026-09-20T13:00Z,2026-09-20T19:17:28Z,en,window,-377
Q430911@20260923T21,430911,Peng Liyuan,entertainment,12,2026-09-23T21:00Z,,,,
Q124636010@20260915T21,124636010,Carlos Espí,sports,12,2026-09-15T21:00Z,,,,
Q110220404@20260929T18,110220404,Marc Pubill,sports,12,2026-09-29T18:00Z,,,,
Q2847@20260913T14,2847,September 14,other,12,2026-09-13T14:00Z,,,,
Q2893@20260917T15,2893,September 18,other,12,2026-09-17T15:00Z,,,,
Q2897@20260915T13,2897,September 16,other,12,2026-09-15T13:00Z,,,,
Q16174734@20260920T13,16174734,Lee Kang-in,sports,12,2026-09-20T13:00Z,,,,
Q56085180@20260920T13,56085180,Jonathan David,sports,12,2026-09-20T13:00Z,,,,
Q2894@20260916T12,2894,September 17,other,12,2026-09-16T12:00Z,,,,
Q2930@20261004T12,2930,October 5,other,12,2026-10-04T12:00Z,,,,
Q2923@20261008T13,2923,October 9,other,12,2026-10-08T13:00Z,,,,
Q2126@20261006T09,2126,neutrino,other,12,2026-10-06T09:00Z,,,,
Q107357509@20260927T18,107357509,Antonio Nusa,sports,12,2026-09-27T18:00Z,,,,
Q20740797@20260911T18,20740797,Armand Duplantis,sports,12,2026-09-11T18:00Z,,,,
Q58323172@20260912T20,58323172,Bruno Guimarães,sports,12,2026-09-12T20:00Z,2026-09-12T21:11:18Z,en,window,-71
Q172738@20261003T08,172738,Sepang International Circuit,other,12,2026-10-03T08:00Z,,,,
Q2889@20260921T07,2889,September 22,other,12,2026-09-21T07:00Z,,,,
Q97404267@20260926T20,97404267,Álex Baena,sports,12,2026-09-26T20:00Z,,,,
Q161054@20261006T18,161054,Ivan Perišić,sports,12,2026-10-06T18:00Z,,,,
Q20994118@20261003T18,20994118,Rodri,sports,12,2026-10-03T18:00Z,,,,
Q208693@20260913T17,208693,Javier Sotomayor,human,12,2026-09-13T17:00Z,,,,
Q108532383@20260911T18,108532383,,sports,11,2026-09-11T18:00Z,2026-09-12T03:01:31Z,en,window,-542
Q314856@20260918T22,314856,,death,11,2026-09-18T22:00Z,2026-09-18T22:52:43Z,it,window,-53
Q23448791@20260910T23,23448791,Aryna Sabalenka,sports,11,2026-09-10T23:00Z,,,,
Q717901@20261001T15,717901,Conrad Lant,death,11,2026-10-01T15:00Z,2026-10-01T15:32:53Z,en,window,-33
Q57634@20260916T06,57634,Hashim Thaçi,human,11,2026-09-16T06:00Z,2026-09-16T11:15:51Z,de,window,-316
Q11571@20260930T15,11571,Cristiano Ronaldo,sports,11,2026-09-30T15:00Z,,,,
Q319068@20260911T04,319068,Khalid Sheikh Mohammed,human,11,2026-09-11T04:00Z,,,,
Q111336539@20261006T22,111336539,Nico Paz,sports,11,2026-10-06T22:00Z,,,,
Q113472436@20260924T17,113472436,Ruben van Bommel,sports,11,2026-09-24T17:00Z,,,,
Q24159@20260910T23,24159,Jessica Pegula,sports,11,2026-09-10T23:00Z,,,,
Q781492@20261005T09,781492,optogenetics,other,11,2026-10-05T09:00Z,,,,
Q26694763@20260925T05,26694763,Laver Cup,other,11,2026-09-25T05:00Z,,,,
Q179773@20261007T10,179773,Pedro,sports,11,2026-10-07T10:00Z,,,,
Q210035@20260930T13,210035,lethal injection,other,11,2026-09-30T13:00Z,,,,
Q62050484@20261002T18,62050484,Michael Olise,sports,11,2026-10-02T18:00Z,,,,
Q207@20260910T18,207,George W. Bush,human,11,2026-09-10T18:00Z,,,,
Q11208@20260911T04,11208,The Pentagon,other,11,2026-09-11T04:00Z,,,,
Q2890@20260923T14,2890,September 24,other,11,2026-09-23T14:00Z,,,,
Q2932@20261001T12,2932,October 2,other,11,2026-10-01T12:00Z,,,,
Q2886@20260924T10,2886,September 25,other,11,2026-09-24T10:00Z,,,,
Q2892@20260919T15,2892,September 20,other,11,2026-09-19T15:00Z,,,,
Q527550@20260927T18,527550,Jorge Jesus,sports,11,2026-09-27T18:00Z,,,,
Q19571@20260918T18,19571,Brentford F.C.,sports,11,2026-09-18T18:00Z,,,,
Q6298063@20260916T19,6298063,João Cancelo,sports,11,2026-09-16T19:00Z,,,,
Q111672750@20260920T14,111672750,Giuliano Simeone,sports,11,2026-09-20T14:00Z,,,,
Q22951255@20260913T15,22951255,Marcus Rashford,sports,11,2026-09-13T15:00Z,,,,
Q6298063@20261004T19,6298063,João Cancelo,sports,11,2026-10-04T19:00Z,,,,
Q28967995@20260927T18,28967995,Erling Haaland,sports,11,2026-09-27T18:00Z,,,,
Q5812@20261004T11,5812,,sports,11,2026-10-04T11:00Z,,,,
Q19974493@20260911T18,19974493,Jakob Asserson Ingebrigtsen,sports,11,2026-09-11T18:00Z,,,,
Q23714545@20260911T18,23714545,Emmanouíl Karalís,human,11,2026-09-11T18:00Z,,,,
Q760@20260912T17,760,Saint Lucia,other,11,2026-09-12T17:00Z,,,,
Q23968@20260917T22,23968,Norderney,other,11,2026-09-17T22:00Z,,,,
Q2896228@20260928T01,2896228,Pac,death,10,2026-09-28T01:00Z,2026-09-28T01:18:43Z,en,window,-19
Q10283057@20261004T05,10283057,Flávio Bolsonaro,human,10,2026-10-04T05:00Z,,,,
Q17305299@20260911T22,17305299,Frances Tiafoe,sports,10,2026-09-11T22:00Z,,,,
Q935993@20261005T09,935993,,human,10,2026-10-05T09:00Z,2026-10-05T09:38:49Z,en,window,-39
Q11628@20261007T21,11628,,death,10,2026-10-07T21:00Z,2026-10-07T21:41:21Z,en,window,-41
Q27305678@20260927T18,27305678,Brandon McNulty,sports,10,2026-09-27T18:00Z,2026-09-27T19:31:50Z,nl,window,-92
Q49561909@20260914T05,49561909,Sydney Sweeney,entertainment,10,2026-09-14T05:00Z,,,,
Q379519@20260924T15,379519,Mid-Autumn Festival,other,10,2026-09-24T15:00Z,,,,
Q491515@20261002T02,491515,Nana,entertainment,10,2026-10-02T02:00Z,,,,
Q132994@20260920T04,132994,Yom Kippur,other,10,2026-09-20T04:00Z,,,,
Q11245@20260911T04,11245,One World Trade Center,other,10,2026-09-11T04:00Z,,,,
Q157582@20261002T17,157582,German Unity Day,other,10,2026-10-02T17:00Z,,,,
Q54812588@20260913T18,54812588,Jannik Sinner,sports,10,2026-09-13T18:00Z,,,,
Q1569514@20261006T09,1569514,IceCube Neutrino Observatory,other,10,2026-10-06T09:00Z,,,,
Q3042087@20260910T10,3042087,Houthis,other,10,2026-09-10T10:00Z,,,,
Q53393@20260913T17,53393,Jimmy Connors,sports,10,2026-09-13T17:00Z,,,,
Q1835@20261002T18,1835,Zinedine Zidane,sports,10,2026-10-02T18:00Z,,,,
Q123347490@20260924T18,123347490,2026–27 UEFA Nations League,sports,10,2026-09-24T18:00Z,2026-09-24T21:25:58Z,de,window,-206
Q17499@20260910T18,17499,Cesc Fàbregas,sports,10,2026-09-10T18:00Z,,,,
Q239535@20261006T13,239535,Benin men's national football team,other,10,2026-10-06T13:00Z,,,,
Q6110670@20260910T04,6110670,Rodrigo De Paul,sports,10,2026-09-10T04:00Z,,,,
Q1835@20260928T18,1835,Zinedine Zidane,sports,10,2026-09-28T18:00Z,,,,
Q151269@20261002T18,151269,Robert Lewandowski,sports,10,2026-10-02T18:00Z,,,,
Q134479@20261003T15,134479,Croatia men's national football team,other,10,2026-10-03T15:00Z,2026-10-03T17:54:18Z,es,window,-174
Q20830808@20261002T18,20830808,Gianluigi Donnarumma,sports,10,2026-10-02T18:00Z,,,,
Q3720044@20260911T16,3720044,Kateřina Siniaková,sports,10,2026-09-11T16:00Z,,,,
Q37922@20261008T07,37922,Nobel Prize in Literature,other,10,2026-10-08T07:00Z,2026-10-08T11:21:54Z,fr,window,-262
Q335680@20260919T19,335680,Jimmy Fallon,entertainment,10,2026-09-19T19:00Z,,,,
Q153786@20261002T12,153786,Edin Džeko,sports,10,2026-10-02T12:00Z,,,,
Q62050484@20260928T20,62050484,Michael Olise,sports,10,2026-09-28T20:00Z,,,,
Q2931@20261002T15,2931,October 3,other,10,2026-10-02T15:00Z,,,,
Q112073790@20261004T08,112073790,Kimi Antonelli,sports,10,2026-10-04T08:00Z,,,,
Q6721203@20260920T16,6721203,Alternative for Germany,politics,10,2026-09-20T16:00Z,,,,
Q273715@20260918T18,273715,Jordan Henderson,sports,10,2026-09-18T18:00Z,,,,
Q56424307@20260924T18,56424307,Karim Adeyemi,sports,10,2026-09-24T18:00Z,,,,
Q2929@20261003T14,2929,October 4,other,10,2026-10-03T14:00Z,,,,
Q28967995@20260924T18,28967995,Erling Haaland,sports,10,2026-09-24T18:00Z,,,,
Q192635@20260924T18,192635,Ronald Koeman,sports,10,2026-09-24T18:00Z,,,,
Q62050484@20260910T19,62050484,Michael Olise,sports,10,2026-09-10T19:00Z,,,,
Q2884@20260926T14,2884,September 27,other,10,2026-09-26T14:00Z,,,,
Q2896@20260918T12,2896,September 19,other,10,2026-09-18T12:00Z,,,,
Q864881@20261004T23,864881,World Teachers' Day,other,10,2026-10-04T23:00Z,,,,
Q1308@20260910T16,1308,Como,place,10,2026-09-10T16:00Z,,,,
Q165241@20260911T13,165241,Haakon VIII of Norway,human,10,2026-09-11T13:00Z,,,,
Q921324@20260920T13,921324,Álex Grimaldo,sports,10,2026-09-20T13:00Z,,,,
Q112184628@20260929T18,112184628,Dean Huijsen,sports,10,2026-09-29T18:00Z,,,,
Q311440@20260922T12,311440,António Guterres,human,10,2026-09-22T12:00Z,,,,
Q17319645@20260926T11,17319645,George Russell,sports,10,2026-09-26T11:00Z,,,,
Q96105248@20260913T15,96105248,Enzo Fernández,sports,10,2026-09-13T15:00Z,,,,
Q2032119@20260919T12,2032119,Roberto De Zerbi,sports,10,2026-09-19T12:00Z,,,,
Q21622022@20261005T11,21622022,Daniil Medvedev,sports,10,2026-10-05T11:00Z,,,,
Q105956269@20260913T16,105956269,Iliman Ndiaye,sports,10,2026-09-13T16:00Z,,,,
Q227@20260910T18,227,Azerbaijan,other,10,2026-09-10T18:00Z,,,,
Q64088694@20260912T18,64088694,Alison dos Santos,sports,10,2026-09-12T18:00Z,,,,
Q313316@20261002T19,313316,Romelu Lukaku,sports,10,2026-10-02T19:00Z,,,,
Q869214@20260927T18,869214,Ørjan Nyland,sports,10,2026-09-27T18:00Z,,,,
Q8701@20260920T14,8701,Atlético Madrid,sports,10,2026-09-20T14:00Z,,,,
Q66467324@20261001T19,66467324,Rasmus Højlund,sports,10,2026-10-01T19:00Z,,,,
Q10512@20260915T18,10512,Elche CF,sports,10,2026-09-15T18:00Z,,,,
Q18739@20260912T18,18739,Sunderland A.F.C.,sports,10,2026-09-12T18:00Z,,,,
Q436025@20261004T10,436025,Michael Doohan,human,10,2026-10-04T10:00Z,,,,
Q107542811@20260912T15,107542811,Valentín Barco,sports,10,2026-09-12T15:00Z,,,,
Q398@20261003T07,398,Bahrain,other,10,2026-10-03T07:00Z,,,,
Q10300@20260912T18,10300,Rayo Vallecano,sports,10,2026-09-12T18:00Z,,,,
Q42731@20260920T15,42731,Fernando Torres,sports,10,2026-09-20T15:00Z,,,,
Q342784@20260915T00,342784,Matthew Rhys,entertainment,9,2026-09-15T00:00Z,,,,
Q47452754@20260912T21,47452754,Ryan Garcia,sports,9,2026-09-12T21:00Z,2026-09-13T03:47:14Z,en,window,-407
Q714661@20260930T02,714661,Chad Lowe,entertainment,9,2026-09-30T02:00Z,,,,
Q1259460@20260911T03,1259460,The Falling Man,other,9,2026-09-11T03:00Z,,,,
Q57655@20260921T07,57655,Mohammed bin Rashid Al Maktoum,human,9,2026-09-21T07:00Z,,,,
Q313463@20261003T10,313463,Steven R. McQueen,entertainment,9,2026-10-03T10:00Z,,,,
Q13560423@20260924T13,13560423,Dove Cameron,entertainment,9,2026-09-24T13:00Z,,,,
Q15980635@20261001T18,15980635,UEFA Nations League,other,9,2026-10-01T18:00Z,,,,
Q113515004@20260925T18,113515004,Mika Godts,sports,9,2026-09-25T18:00Z,,,,
Q3736809@20260911T12,3736809,Johan Ferner,human,9,2026-09-11T12:00Z,,,,
Q110616805@20260912T17,110616805,Diego Moreira,sports,9,2026-09-12T17:00Z,,,,
Q1835@20260925T18,1835,Zinedine Zidane,sports,9,2026-09-25T18:00Z,,,,
Q218636@20261004T20,218636,Rockwell B-1 Lancer,other,9,2026-10-04T20:00Z,,,,
Q170846@20260917T08,170846,Elizabeth Báthory,human,9,2026-09-17T08:00Z,,,,
Q207642@20260919T20,207642,Catha edulis,other,9,2026-09-19T20:00Z,,,,
Q131431817@20260915T02,131431817,The Pitt,entertainment,9,2026-09-15T02:00Z,,,,
Q28861547@20260916T20,28861547,Raphinha,sports,9,2026-09-16T20:00Z,2026-09-16T21:50:41Z,es,window,-111
Q1435124@20261001T05,1435124,capital punishment in the United States,other,9,2026-10-01T05:00Z,,,,
Q19671417@20260930T07,19671417,Germanwings Flight 9525,other,9,2026-09-30T07:00Z,,,,
Q232@20260912T20,232,Kazakhstan,other,9,2026-09-12T20:00Z,,,,
Q692691@20260913T15,692691,SV Elversberg,sports,9,2026-09-13T15:00Z,,,,
Q2849@20260911T15,2849,September 12,other,9,2026-09-11T15:00Z,,,,
Q866@20261001T12,866,YouTube,other,9,2026-10-01T12:00Z,,,,
Q48330@20261002T18,48330,Roberto Mancini,sports,9,2026-10-02T18:00Z,,,,
Q2848@20260912T15,2848,September 13,other,9,2026-09-12T15:00Z,,,,
Q132877730@20260923T11,132877730,Eurovision Song Contest 2027,other,9,2026-09-23T11:00Z,2026-09-23T13:56:41Z,en,window,-177
Q2885@20260925T14,2885,September 26,other,9,2026-09-25T14:00Z,,,,
Q136221128@20260913T14,136221128,Xavi Espart,sports,9,2026-09-13T14:00Z,,,,
Q19487@20260918T22,19487,Millwall F.C.,sports,9,2026-09-18T22:00Z,,,,
Q22237703@20261005T18,22237703,Gianluca Scamacca,sports,9,2026-10-05T18:00Z,,,,
Q19708656@20260916T21,19708656,Gabriel Jesus,sports,9,2026-09-16T21:00Z,,,,
Q47488@20261009T05,47488,International Criminal Court,other,9,2026-10-09T05:00Z,,,,
Q1853273@20260917T19,1853273,S.C.U. Torreense,sports,9,2026-09-17T19:00Z,,,,
Q18744506@20261008T11,18744506,Queen Suthida,human,9,2026-10-08T11:00Z,,,,
Q218636@20260923T22,218636,Rockwell B-1 Lancer,other,9,2026-09-23T22:00Z,,,,
Q151853@20260927T16,151853,Mark van Bommel,sports,9,2026-09-27T16:00Z,,,,
Q12236@20260916T18,12236,Racing de Santander,sports,9,2026-09-16T18:00Z,,,,
Q151853@20261005T18,151853,Mark van Bommel,sports,9,2026-10-05T18:00Z,,,,
Q250901@20260912T13,250901,Álvaro Arbeloa,sports,9,2026-09-12T13:00Z,,,,
Q105868@20260912T20,105868,Gabriela Sabatini,sports,9,2026-09-12T20:00Z,,,,
Q56282611@20260919T18,56282611,Youssouf Fofana,sports,9,2026-09-19T18:00Z,,,,
Q64745039@20260912T17,64745039,Kenny Bednarek,sports,9,2026-09-12T17:00Z,,,,
Q55351211@20260911T18,55351211,Larissa Iapichino,human,9,2026-09-11T18:00Z,,,,
Q297768@20260925T18,297768,Vincenzo Montella,sports,9,2026-09-25T18:00Z,,,,
Q133698867@20260920T15,133698867,Yan Diomande,sports,9,2026-09-20T15:00Z,,,,
Q489107@20260929T18,489107,Slaven Bilić,sports,9,2026-09-29T18:00Z,,,,
Q161054@20260929T18,161054,Ivan Perišić,sports,9,2026-09-29T18:00Z,,,,
Q106241542@20260919T13,106241542,Pedro Acosta,human,9,2026-09-19T13:00Z,,,,
Q3840425@20260926T18,3840425,Luis de la Fuente,sports,9,2026-09-26T18:00Z,,,,
Q489107@20261006T18,489107,Slaven Bilić,sports,9,2026-10-06T18:00Z,,,,
Q10509@20260915T19,10509,,other,9,2026-09-15T19:00Z,,,,
Q211155@20260913T16,211155,200 metres,other,9,2026-09-13T16:00Z,,,,
Q16979983@20260927T17,16979983,Luka Jović,sports,9,2026-09-27T17:00Z,,,,
Q833@20261003T07,833,Malaysia,other,9,2026-10-03T07:00Z,,,,
Q238@20260913T11,238,San Marino,other,9,2026-09-13T11:00Z,,,,
Q1189@20260911T19,1189,Usain Bolt,sports,9,2026-09-11T19:00Z,,,,
Q14317@20261003T18,14317,Oviedo,other,9,2026-10-03T18:00Z,,,,
Q131491@20260919T14,131491,Brighton,other,9,2026-09-19T14:00Z,,,,
Q337535@20261006T21,337535,Steam,other,9,2026-10-06T21:00Z,,,,
Q113639313@20260913T05,113639313,2026 Swedish general election,politics,8,2026-09-13T05:00Z,,,,
Q1400551@20261005T23,1400551,Nidal Malik Hasan,human,8,2026-10-05T23:00Z,2026-10-06T19:22:34Z,en,window,-1223
Q16759@20260914T21,16759,Kaley Cuoco,entertainment,8,2026-09-14T21:00Z,,,,
Q136210698@20260910T04,136210698,assassination of Charlie Kirk,other,8,2026-09-10T04:00Z,2026-09-10T19:26:16Z,en,window,-926
Q131411649@20260919T22,131411649,Joshua Van,human,8,2026-09-19T22:00Z,2026-09-20T04:11:12Z,en,window,-371
Q240496@20260916T02,240496,Lizzie Borden,human,8,2026-09-16T02:00Z,,,,
Q312157@20260915T16,312157,Raheem Sterling,sports,8,2026-09-15T16:00Z,,,,
Q11705@20260911T00,11705,United Airlines Flight 175,disaster,8,2026-09-11T00:00Z,,,,
Q239069@20260915T00,239069,,entertainment,8,2026-09-15T00:00Z,2026-09-15T00:19:08Z,en,window,-19
Q20974095@20261007T17,20974095,Mia Goth,entertainment,8,2026-10-07T17:00Z,,,,
Q342962@20260930T06,342962,Anthony Head,entertainment,8,2026-09-30T06:00Z,,,,
Q700838@20260911T05,700838,Marwan al-Shehhi,human,8,2026-09-11T05:00Z,,,,
Q463237@20260910T19,463237,American Airlines Flight 77,disaster,8,2026-09-10T19:00Z,,,,
Q512@20260924T16,512,Vladimir Vysotsky,entertainment,8,2026-09-24T16:00Z,,,,
Q264849@20260917T11,264849,Aileen Wuornos,human,8,2026-09-17T11:00Z,,,,
Q62076054@20260928T17,62076054,Sebastiano Esposito,sports,8,2026-09-28T17:00Z,,,,
Q48410@20260920T22,48410,Richard Gere,entertainment,8,2026-09-20T22:00Z,,,,
Q119237165@20260928T17,119237165,Francesco Pio Esposito,sports,8,2026-09-28T17:00Z,,,,
Q115942640@20260926T12,115942640,2026 Formula One World Championship,other,8,2026-09-26T12:00Z,2026-09-26T13:02:34Z,it,window,-63
Q930658@20260912T13,930658,Mikel Landa,sports,8,2026-09-12T13:00Z,2026-09-12T15:48:07Z,es,window,-168
Q504069@20260913T17,504069,Sweden Democrats,politics,8,2026-09-13T17:00Z,,,,
Q282804@20260911T06,282804,United 93,entertainment,8,2026-09-11T06:00Z,,,,
Q26840238@20260912T20,26840238,Iga Świątek,sports,8,2026-09-12T20:00Z,,,,
Q842@20260930T08,842,Oman,other,8,2026-09-30T08:00Z,,,,
Q3713655@20260914T13,3713655,Donald Trump Jr.,human,8,2026-09-14T13:00Z,,,,
Q4935873@20260913T17,4935873,Magdalena Andersson,human,8,2026-09-13T17:00Z,,,,
Q115913104@20261004T06,115913104,2026 Bahrain Grand Prix,other,8,2026-10-04T06:00Z,2026-10-03T09:07:46Z,en,window,1252
Q489107@20261003T15,489107,Slaven Bilić,sports,8,2026-10-03T15:00Z,,,,
Q127932393@20260919T13,127932393,Chema Andrés,sports,8,2026-09-19T13:00Z,,,,
Q1231804@20260920T16,1231804,Amed S.F.K.,sports,8,2026-09-20T16:00Z,,,,
Q270066@20260911T06,270066,7 World Trade Center,other,8,2026-09-11T06:00Z,,,,
Q161069@20261007T04,161069,David Silva,sports,8,2026-10-07T04:00Z,2026-10-07T11:51:57Z,zh,window,-472
Q27889974@20261002T18,27889974,Moise Kean,sports,8,2026-10-02T18:00Z,,,,
Q107985608@20260926T17,107985608,James Trafford,sports,8,2026-09-26T17:00Z,,,,
Q969725@20260918T19,969725,Harry Kane,sports,8,2026-09-18T19:00Z,,,,
Q64736321@20261005T20,64736321,Rayan Cherki,sports,8,2026-10-05T20:00Z,,,,
Q26769@20261001T09,26769,,death,8,2026-10-01T09:00Z,2026-10-01T09:43:35Z,en,window,-44
Q109424008@20260927T19,109424008,2026 UCI Road World Championships,other,8,2026-09-27T19:00Z,,,,
Q222031@20260927T14,222031,Aleksandar Vučić,human,8,2026-09-27T14:00Z,,,,
Q47527016@20260924T14,47527016,Thucydides Trap,other,8,2026-09-24T14:00Z,,,,
Q6461210@20261008T00,6461210,list of Nobel laureates in Literature,other,8,2026-10-08T00:00Z,2026-10-08T11:51:14Z,en,window,-711
Q1835@20261005T18,1835,Zinedine Zidane,sports,8,2026-10-05T18:00Z,,,,
Q6601875@20260910T16,6601875,Fenerbahçe Istanbul,sports,8,2026-09-10T16:00Z,,,,
Q165425@20261006T23,165425,Battle of Lepanto,other,8,2026-10-06T23:00Z,,,,
Q5359948@20261004T10,5359948,Elfyn Evans,human,8,2026-10-04T10:00Z,,,,
Q815520@20260913T05,815520,Feast of the Cross,other,8,2026-09-13T05:00Z,,,,
Q313316@20261005T18,313316,Romelu Lukaku,sports,8,2026-10-05T18:00Z,,,,
Q49762@20260920T16,49762,Christian Democratic Union,politics,8,2026-09-20T16:00Z,2026-09-21T10:12:59Z,de,window,-1093
Q1780398@20260913T18,1780398,Ulf Kristersson,human,8,2026-09-13T18:00Z,,,,
Q48330@20260925T18,48330,Roberto Mancini,sports,8,2026-09-25T18:00Z,,,,
Q62050484@20260918T18,62050484,Michael Olise,sports,8,2026-09-18T18:00Z,,,,
Q54584@20260913T17,54584,Andy Roddick,sports,8,2026-09-13T17:00Z,,,,
Q60889488@20260924T18,60889488,Felix Nmecha,sports,8,2026-09-24T18:00Z,,,,
Q862460@20260917T10,862460,Bill Skarsgård,entertainment,8,2026-09-17T10:00Z,,,,
Q561546@20260927T18,561546,Michael Matthews,sports,8,2026-09-27T18:00Z,,,,
Q643610@20261009T05,643610,list of Nobel Peace Prize laureates,other,8,2026-10-09T05:00Z,,,,
Q40096@20260925T13,40096,Will Smith,entertainment,8,2026-09-25T13:00Z,,,,
Q112170256@20261005T20,112170256,Désiré Doué,sports,8,2026-10-05T20:00Z,,,,
Q931704@20260917T15,931704,OFI Crete F.C.,other,8,2026-09-17T15:00Z,,,,
Q48330@20260928T18,48330,Roberto Mancini,sports,8,2026-09-28T18:00Z,,,,
Q55357101@20260910T18,55357101,Anastasios Douvikas,sports,8,2026-09-10T18:00Z,,,,
Q21281344@20261005T18,21281344,Dodi Lukebakio,sports,8,2026-10-05T18:00Z,,,,
Q182063@20261006T22,182063,Nicolás Otamendi,sports,8,2026-10-06T22:00Z,,,,
Q81520@20260913T18,81520,Pierce Brosnan,entertainment,8,2026-09-13T18:00Z,,,,
Q7885@20261004T06,7885,Bahrain Grand Prix,other,8,2026-10-04T06:00Z,,,,
Q16@20260916T12,16,Canada,other,8,2026-09-16T12:00Z,,,,
Q676899@20261002T18,676899,Italy men's national association football team,other,8,2026-10-02T18:00Z,,,,
Q112965927@20261002T12,112965927,Buyunchaokete,sports,8,2026-10-02T12:00Z,,,,
Q357984@20261002T18,357984,Kevin De Bruyne,sports,8,2026-10-02T18:00Z,,,,
Q107357509@20261004T18,107357509,Antonio Nusa,sports,8,2026-10-04T18:00Z,,,,
Q105268643@20260912T15,105268643,Romano Floriani Mussolini,sports,8,2026-09-12T15:00Z,,,,
Q40615@20260912T13,40615,Marc Márquez,human,8,2026-09-12T13:00Z,,,,
Q107620650@20260912T18,107620650,Audrey Werro,sports,8,2026-09-12T18:00Z,,,,
Q313316@20260925T18,313316,Romelu Lukaku,sports,8,2026-09-25T18:00Z,,,,
Q238219@20260911T18,238219,Fiona May,entertainment,8,2026-09-11T18:00Z,,,,
Q1764511@20261002T14,1764511,G7,other,8,2026-10-02T14:00Z,,,,
Q61986758@20260910T16,61986758,Mason Greenwood,sports,8,2026-09-10T16:00Z,,,,
Q552395@20261001T18,552395,Ivan Jovanović,sports,8,2026-10-01T18:00Z,,,,
Q357984@20260928T18,357984,Kevin De Bruyne,sports,8,2026-09-28T18:00Z,,,,
Q702233@20260926T18,702233,Thomas Tuchel,sports,8,2026-09-26T18:00Z,,,,
Q84247209@20261002T18,84247209,Daniel Maldini,sports,8,2026-10-02T18:00Z,,,,
Q112762862@20260912T17,112762862,Melissa Jefferson-Wooden,human,8,2026-09-12T17:00Z,,,,
Q17500@20260927T15,17500,Xavi Hernández,sports,8,2026-09-27T15:00Z,,,,
Q134925@20261001T18,134925,Greece men's national football team,other,8,2026-10-01T18:00Z,,,,
Q276091@20260920T14,276091,Koke,sports,8,2026-09-20T14:00Z,,,,
Q19274473@20260924T18,19274473,Nadiem Amiri,sports,8,2026-09-24T18:00Z,,,,
Q108159340@20260915T19,108159340,Αrda Güler,sports,8,2026-09-15T19:00Z,,,,
Q432473@20260922T13,432473,Melania Trump,entertainment,8,2026-09-22T13:00Z,,,,
Q487459@20260910T16,487459,Arda Turan,sports,8,2026-09-10T16:00Z,,,,
Q15620192@20260910T14,15620192,Vedat Muriqi,sports,8,2026-09-10T14:00Z,,,,
Q54545@20260913T18,54545,Martina Navratilova,sports,8,2026-09-13T18:00Z,,,,
Q3840425@20260929T18,3840425,Luis de la Fuente,sports,8,2026-09-29T18:00Z,,,,
Q18927958@20261009T10,18927958,Hubert Hurkacz,sports,8,2026-10-09T10:00Z,,,,
Q166317@20260919T16,166317,Paulo Dybala,sports,8,2026-09-19T16:00Z,,,,
Q128468@20260926T13,128468,Wembley Stadium,other,8,2026-09-26T13:00Z,,,,
Q133698867@20260912T19,133698867,Yan Diomande,sports,8,2026-09-12T19:00Z,,,,
Q1369687@20260920T13,1369687,Metropolitano Stadium,other,8,2026-09-20T13:00Z,,,,
Q73360@20260920T14,73360,Thibaut Courtois,sports,8,2026-09-20T14:00Z,,,,
Q104414736@20260929T20,104414736,Nico Williams,sports,8,2026-09-29T20:00Z,,,,
Q201381@20260910T19,201381,Vincent Kompany,sports,8,2026-09-10T19:00Z,,,,
Q4628@20260929T11,4628,Faroe Islands,other,8,2026-09-29T11:00Z,,,,
Q713895@20260927T15,713895,Dušan Tadić,sports,8,2026-09-27T15:00Z,,,,
Q83318@20260910T11,83318,Bab-el-Mandeb,other,8,2026-09-10T11:00Z,,,,
Q69424112@20260911T19,69424112,,sports,8,2026-09-11T19:00Z,,,,
Q164761@20260912T17,164761,100 metres,other,8,2026-09-12T17:00Z,,,,
Q172832@20261004T07,172832,David Coulthard,human,8,2026-10-04T07:00Z,,,,
Q228@20260924T16,228,Andorra,other,8,2026-09-24T16:00Z,,,,
Q347@20261001T16,347,Liechtenstein,other,8,2026-10-01T16:00Z,,,,
Q115632178@20261004T08,115632178,2026 Brazilian general election,other,7,2026-10-04T08:00Z,2026-10-04T20:26:33Z,en,window,-747
Q136498700@20260915T00,136498700,Widow's Bay,entertainment,7,2026-09-15T00:00Z,2026-09-15T03:00:53Z,en,window,-181
Q3992514@20260914T21,3992514,Tom Pelphrey,entertainment,7,2026-09-14T21:00Z,2026-09-15T01:11:40Z,en,window,-252
Q5496741@20261006T15,5496741,Freddie Jackson,death,7,2026-10-06T15:00Z,2026-10-06T16:45:01Z,en,window,-105
Q135745692@20260917T07,135745692,Monster: The Lizzie Borden Story,other,7,2026-09-17T07:00Z,,,,
Q120668096@20260928T18,120668096,Michael Kayode,sports,7,2026-09-28T18:00Z,,,,
Q97760769@20260913T17,97760769,Trinity Rodman,sports,7,2026-09-13T17:00Z,,,,
Q97610308@20260920T01,97610308,Gable Steveson,sports,7,2026-09-20T01:00Z,,,,
Q174287@20260911T23,174287,Bryan Shelton,sports,7,2026-09-11T23:00Z,,,,
Q61996306@20260920T01,61996306,Arman Tsarukyan,human,7,2026-09-20T01:00Z,,,,
Q3067221@20260929T15,3067221,Fatima Ezzahra El Mansouri,human,7,2026-09-29T15:00Z,2026-09-29T16:25:55Z,fr,window,-86
Q1744@20260927T15,1744,Madonna,entertainment,7,2026-09-27T15:00Z,,,,
Q62179@20260911T04,62179,collapse of the World Trade Center,disaster,7,2026-09-11T04:00Z,,,,
Q78302484@20260917T08,78302484,Ella Beatty,entertainment,7,2026-09-17T08:00Z,,,,
Q55074683@20260916T23,55074683,Campeones Cup,other,7,2026-09-16T23:00Z,2026-09-17T02:03:03Z,es,window,-183
Q103335665@20260912T15,103335665,Dario Amodei,human,7,2026-09-12T15:00Z,,,,
Q187033@20260915T01,187033,Sally Field,entertainment,7,2026-09-15T01:00Z,,,,
Q473862@20261006T00,473862,2009 Fort Hood shooting,other,7,2026-10-06T00:00Z,,,,
Q198290@20260911T05,198290,Ziad Jarrah,human,7,2026-09-11T05:00Z,,,,
Q2731720@20261004T11,2731720,Liberal Party,politics,7,2026-10-04T11:00Z,,,,
Q954398@20260924T09,954398,Fulton J. Sheen,human,7,2026-09-24T09:00Z,2026-09-24T19:46:42Z,pl,window,-647
Q216169@20261008T22,216169,execution by firing squad,other,7,2026-10-08T22:00Z,,,,
Q11649@20260928T00,11649,Nirvana,entertainment,7,2026-09-28T00:00Z,,,,
Q111845115@20260927T15,111845115,Mexx Meerdink,sports,7,2026-09-27T15:00Z,,,,
Q25936414@20260917T16,25936414,,entertainment,7,2026-09-17T16:00Z,,,,
Q83106@20260927T18,83106,Jürgen Klopp,sports,7,2026-09-27T18:00Z,,,,
Q350789@20260918T22,350789,Valentino Mazzola,sports,7,2026-09-18T22:00Z,,,,
Q463668@20260911T06,463668,Larry Silverstein,human,7,2026-09-11T06:00Z,,,,
Q47213@20260918T10,47213,Warren Buffett,human,7,2026-09-18T10:00Z,,,,
Q233365@20260915T02,233365,Catherine O'Hara,entertainment,7,2026-09-15T02:00Z,,,,
Q315208@20260915T00,315208,Noah Wyle,entertainment,7,2026-09-15T00:00Z,,,,
Q11240@20260911T05,11240,1993 World Trade Center bombing,other,7,2026-09-11T05:00Z,,,,
Q107542019@20260910T16,107542019,Archie Brown,sports,7,2026-09-10T16:00Z,,,,
Q6070218@20261005T07,6070218,Pedro Sánchez,human,7,2026-10-05T07:00Z,,,,
Q21914464@20261003T20,21914464,,entertainment,7,2026-10-03T20:00Z,,,,
Q141490808@20260918T01,141490808,Leopardus tilcayo,other,7,2026-09-18T01:00Z,2026-09-17T20:42:26Z,ru,new,258
Q193754@20260923T04,193754,Padre Pio,human,7,2026-09-23T04:00Z,,,,
Q318348@20260917T18,318348,N.E.C.,sports,7,2026-09-17T18:00Z,,,,
Q67498669@20260919T11,67498669,Zion Suzuki,sports,7,2026-09-19T11:00Z,,,,
Q19085@20260911T00,19085,killing of Osama bin Laden,other,7,2026-09-11T00:00Z,,,,
Q6397725@20260916T18,6397725,Kevin Warsh,human,7,2026-09-16T18:00Z,,,,
Q766964@20260911T16,766964,Taylor Townsend,sports,7,2026-09-11T16:00Z,2026-09-11T18:15:11Z,en,window,-135
Q57415344@20260924T13,57415344,Damiano David,entertainment,7,2026-09-24T13:00Z,,,,
Q133780@20261002T14,133780,plague,other,7,2026-10-02T14:00Z,,,,
Q136388604@20260924T17,136388604,Younes Ebnoutalib,sports,7,2026-09-24T17:00Z,,,,
Q153875@20261004T22,153875,Yersinia pestis,other,7,2026-10-04T22:00Z,,,,
Q506424@20260927T13,506424,UCI Road World Championships,other,7,2026-09-27T13:00Z,,,,
Q181715@20260930T16,181715,Thérèse of Lisieux,human,7,2026-09-30T16:00Z,,,,
Q71126317@20261003T12,71126317,Alina Charaeva,sports,7,2026-10-03T12:00Z,,,,
Q18246320@20261004T18,18246320,Eduardo Bolsonaro,human,7,2026-10-04T18:00Z,,,,
Q122975233@20261007T00,122975233,Re'im music festival massacre,disaster,7,2026-10-07T00:00Z,,,,
Q23359@20260923T19,23359,Taylor Lautner,entertainment,7,2026-09-23T19:00Z,,,,
Q375290@20260924T16,375290,Robert Hossein,entertainment,7,2026-09-24T16:00Z,,,,
Q105112@20260913T18,105112,Swedish Social Democratic Party,politics,7,2026-09-13T18:00Z,,,,
Q60036@20260912T16,60036,Heidi Klum,entertainment,7,2026-09-12T16:00Z,,,,
Q483837@20261003T15,483837,Luka Modrić,sports,7,2026-10-03T15:00Z,,,,
Q62657@20260922T20,62657,Neto,sports,7,2026-09-22T20:00Z,2026-09-23T15:22:56Z,it,window,-1163
Q188955@20260911T19,188955,Matthew McConaughey,entertainment,7,2026-09-11T19:00Z,,,,
Q155@20261004T06,155,Brazil,other,7,2026-10-04T06:00Z,,,,
Q54436538@20260926T16,54436538,,sports,7,2026-09-26T16:00Z,,,,
Q117360254@20260919T14,117360254,Charalampos Kostoulas,sports,7,2026-09-19T14:00Z,,,,
Q1354960@20260919T15,1354960,Mohamed Salah,sports,7,2026-09-19T15:00Z,,,,
Q2112743@20261003T13,2112743,Santi Denia,sports,7,2026-10-03T13:00Z,,,,
Q44248@20260930T02,44248,Jerome,human,7,2026-09-30T02:00Z,,,,
Q39263365@20260912T20,39263365,Coco Gauff,sports,7,2026-09-12T20:00Z,,,,
Q192635@20260916T07,192635,Ronald Koeman,sports,7,2026-09-16T07:00Z,,,,
Q552395@20260927T18,552395,Ivan Jovanović,sports,7,2026-09-27T18:00Z,,,,
Q201279@20260911T19,201279,Woody Harrelson,entertainment,7,2026-09-11T19:00Z,,,,
Q109424008@20260920T16,109424008,2026 UCI Road World Championships,other,7,2026-09-20T16:00Z,,,,
Q309202@20260919T23,309202,Camp David,other,7,2026-09-19T23:00Z,,,,
Q79800@20261006T22,79800,Argentina national football team,other,7,2026-10-06T22:00Z,,,,
Q50821956@20260920T16,50821956,Remco Evenepoel,sports,7,2026-09-20T16:00Z,,,,
Q16474@20260913T18,16474,John McEnroe,sports,7,2026-09-13T18:00Z,,,,
Q50821956@20261004T14,50821956,Remco Evenepoel,sports,7,2026-10-04T14:00Z,,,,
Q671066@20260928T08,671066,Metz Cathedral,other,7,2026-09-28T08:00Z,,,,
Q64029237@20260919T16,64029237,Manu Koné,sports,7,2026-09-19T16:00Z,,,,
Q49768@20260920T16,49768,Social Democratic Party of Germany,politics,7,2026-09-20T16:00Z,,,,
Q1968@20261004T08,1968,Formula One,other,7,2026-10-04T08:00Z,,,,
Q600232@20261001T17,600232,CD Eldense,sports,7,2026-10-01T17:00Z,,,,
Q484605@20260910T12,484605,Christine Lagarde,human,7,2026-09-10T12:00Z,,,,
Q19477@20260912T14,19477,Hull City A.F.C.,sports,7,2026-09-12T14:00Z,,,,
Q2239218@20261003T09,2239218,,entertainment,7,2026-10-03T09:00Z,,,,
Q676899@20260928T18,676899,Italy men's national association football team,other,7,2026-09-28T18:00Z,,,,
Q39500352@20260922T15,39500352,Tijjani Reijnders,sports,7,2026-09-22T15:00Z,,,,
Q43310@20260924T18,43310,Germany men's national association football team,other,7,2026-09-24T18:00Z,,,,
Q10514@20260913T11,10514,Fernando Alonso,human,7,2026-09-13T11:00Z,,,,
Q172969@20260910T15,172969,FC Shakhtar Donetsk,sports,7,2026-09-10T15:00Z,,,,
Q6049351@20261001T00,6049351,International Coffee Day,other,7,2026-10-01T00:00Z,,,,
Q30325770@20261004T10,30325770,Oliver Solberg,human,7,2026-10-04T10:00Z,,,,
Q42267@20260926T18,42267,Spain men's national football team,other,7,2026-09-26T18:00Z,,,,
Q7596332@20261003T15,7596332,Stadion Rujevica,other,7,2026-10-03T15:00Z,,,,
Q64736321@20261002T18,64736321,Rayan Cherki,sports,7,2026-10-02T18:00Z,,,,
Q23678983@20260925T15,23678983,Alexander Bublik,sports,7,2026-09-25T15:00Z,,,,
Q10514@20260929T11,10514,Fernando Alonso,human,7,2026-09-29T11:00Z,,,,
Q60621615@20261004T19,60621615,Gonçalo Ramos,sports,7,2026-10-04T19:00Z,,,,
Q47447@20260920T05,47447,Ed Sheeran,entertainment,7,2026-09-20T05:00Z,,,,
Q22082505@20260926T18,22082505,Marc Hagit Cucurella,sports,7,2026-09-26T18:00Z,,,,
Q172863@20261004T10,172863,list of Formula One World Drivers' Champions,other,7,2026-10-04T10:00Z,,,,
Q483837@20260926T18,483837,Luka Modrić,sports,7,2026-09-26T18:00Z,,,,
Q21281344@20260925T20,21281344,Dodi Lukebakio,sports,7,2026-09-25T20:00Z,,,,
Q193459@20260912T23,193459,Noel Gallagher,entertainment,7,2026-09-12T23:00Z,,,,
Q113472436@20260927T16,113472436,Ruben van Bommel,sports,7,2026-09-27T16:00Z,,,,
Q64736321@20260925T18,64736321,Rayan Cherki,sports,7,2026-09-25T18:00Z,,,,
Q27476@20260910T18,27476,Florian Thauvin,sports,7,2026-09-10T18:00Z,,,,
Q106522281@20261008T07,106522281,Nikola Bartůňková,sports,7,2026-10-08T07:00Z,,,,
Q57456997@20260924T18,57456997,Brian Brobbey,sports,7,2026-09-24T18:00Z,,,,
Q267245@20260927T18,267245,Portugal men's national football team,other,7,2026-09-27T18:00Z,,,,
Q969725@20260910T19,969725,Harry Kane,sports,7,2026-09-10T19:00Z,,,,
Q60664537@20260924T18,60664537,Crysencio Summerville,sports,7,2026-09-24T18:00Z,,,,
Q71126317@20261007T11,71126317,Alina Charaeva,sports,7,2026-10-07T11:00Z,,,,
Q189170@20260916T18,189170,Jagiellonia Białystok,sports,7,2026-09-16T18:00Z,,,,
Q28058687@20260920T14,28058687,Cristian Romero,sports,7,2026-09-20T14:00Z,,,,
Q483837@20261006T18,483837,Luka Modrić,sports,7,2026-10-06T18:00Z,,,,
Q19578052@20260920T01,19578052,teqball,other,7,2026-09-20T01:00Z,,,,
Q276354@20261006T21,276354,"Monumental Stadium, Buenos Aires",other,7,2026-10-06T21:00Z,,,,
Q47075606@20261005T18,47075606,Viktor Gyökeres,sports,7,2026-10-05T18:00Z,,,,
Q53396@20260913T19,53396,Jim Courier,sports,7,2026-09-13T19:00Z,,,,
Q42267@20261003T18,42267,Spain men's national football team,other,7,2026-10-03T18:00Z,2026-10-03T21:10:09Z,es,window,-190
Q11680@20260912T20,11680,Jennifer Capriati,sports,7,2026-09-12T20:00Z,,,,
Q166317@20260910T16,166317,Paulo Dybala,sports,7,2026-09-10T16:00Z,,,,
Q20830808@20260925T18,20830808,Gianluigi Donnarumma,sports,7,2026-09-25T18:00Z,,,,
Q84247209@20260925T18,84247209,Daniel Maldini,sports,7,2026-09-25T18:00Z,,,,
Q96356030@20260929T18,96356030,Dion Drena Beljo,sports,7,2026-09-29T18:00Z,,,,
Q54527@20260912T20,54527,Billie Jean King,sports,7,2026-09-12T20:00Z,,,,
Q23908113@20260926T18,23908113,Unai Simón,sports,7,2026-09-26T18:00Z,,,,
Q133698867@20260915T19,133698867,Yan Diomande,sports,7,2026-09-15T19:00Z,,,,
Q60621615@20260927T19,60621615,Gonçalo Ramos,sports,7,2026-09-27T19:00Z,,,,
Q35831063@20260910T19,35831063,Matheus Cunha,sports,7,2026-09-10T19:00Z,,,,
Q629932@20260913T15,629932,Spiesen-Elversberg,other,7,2026-09-13T15:00Z,,,,
Q812720@20260915T16,812720,Al Ain FC,sports,7,2026-09-15T16:00Z,,,,
Q21281344@20260916T19,21281344,Dodi Lukebakio,sports,7,2026-09-16T19:00Z,,,,
Q105071364@20261003T08,105071364,Isack Hadjar,sports,7,2026-10-03T08:00Z,,,,
Q17381675@20261009T11,17381675,Elise Mertens,sports,7,2026-10-09T11:00Z,,,,
Q110001765@20260912T19,110001765,Álvaro Fernández,sports,7,2026-09-12T19:00Z,,,,
Q334@20261009T08,334,Singapore,place,7,2026-10-09T08:00Z,,,,
Q117035650@20261004T07,117035650,Arvid Lindblad,sports,7,2026-10-04T07:00Z,,,,
Q184387@20260927T18,184387,Norway men's national association football team,other,7,2026-09-27T18:00Z,,,,
Q15521306@20260927T20,15521306,Bernardo Silva,sports,7,2026-09-27T20:00Z,,,,
Q4628@20261006T13,4628,Faroe Islands,other,7,2026-10-06T13:00Z,,,,
Q1647@20261003T15,1647,Rijeka,place,7,2026-10-03T15:00Z,,,,
Q188997@20260916T20,188997,Wojciech Szczęsny,sports,7,2026-09-16T20:00Z,,,,
Q367846@20260919T16,367846,Gian Piero Gasperini,sports,7,2026-09-19T16:00Z,,,,
Q191843@20260910T17,191843,R.C. Lens,sports,7,2026-09-10T17:00Z,,,,
Q2058682@20260920T13,2058682,Jan Oblak,sports,7,2026-09-20T13:00Z,,,,
Q134479@20260929T18,134479,Croatia men's national football team,other,7,2026-09-29T18:00Z,,,,
Q20220094@20260912T17,20220094,Sandi Morris,human,7,2026-09-12T17:00Z,,,,
Q355@20260921T01,355,Facebook,other,7,2026-09-21T01:00Z,,,,
Q99617367@20261004T18,99617367,Francisco Conceição,sports,7,2026-10-04T18:00Z,,,,
Q483027@20261002T18,483027,Paolo Maldini,sports,7,2026-10-02T18:00Z,,,,
Q18157457@20261004T19,18157457,Kristoffer Ajer,sports,7,2026-10-04T19:00Z,,,,
Q16902219@20260927T18,16902219,Martin Ødegaard,sports,7,2026-09-27T18:00Z,,,,
Q96072055@20260910T20,96072055,Jamal Musiala,sports,7,2026-09-10T20:00Z,,,,
Q188304@20260912T18,188304,Sunderland,place,7,2026-09-12T18:00Z,,,,
Q10329@20260919T19,10329,Sevilla FC,sports,7,2026-09-19T19:00Z,,,,
Q45179405@20260919T19,45179405,Anthony Gordon,sports,7,2026-09-19T19:00Z,,,,
Q1369536@20261003T18,1369536,Carlos Tartiere Stadium,other,7,2026-10-03T18:00Z,,,,
Q57456989@20260910T17,57456989,Sergiño Dest,sports,7,2026-09-10T17:00Z,,,,
Q2739@20260919T16,2739,AS Roma,sports,7,2026-09-19T16:00Z,,,,
Q188457@20260912T15,188457,Danny Welbeck,sports,7,2026-09-12T15:00Z,,,,
Q24084301@20260910T16,24084301,Donyell Malen,sports,7,2026-09-10T16:00Z,,,,
Q54657@20260913T18,54657,Stan Smith,sports,7,2026-09-13T18:00Z,,,,
Q73360@20260912T19,73360,Thibaut Courtois,sports,7,2026-09-12T19:00Z,,,,
Q26255578@20261004T19,26255578,Diogo Costa,sports,7,2026-10-04T19:00Z,,,,
Q31082@20260912T17,31082,Florence Griffith Joyner,sports,7,2026-09-12T17:00Z,,,,
Q6319@20260912T17,6319,Yelena Isinbayeva,sports,7,2026-09-12T17:00Z,,,,
Q21895@20261006T19,21895,,other,7,2026-10-06T19:00Z,,,,
Q449077@20260915T10,449077,Catherine Ringer,death,6,2026-09-15T10:00Z,2026-09-15T10:26:26Z,fr,window,-26
Q62079208@20261002T01,62079208,Gypsy Rose Blanchard,human,6,2026-10-02T01:00Z,2026-10-02T03:57:57Z,en,window,-178
Q2630791@20260920T17,2630791,,death,6,2026-09-20T17:00Z,2026-09-20T17:59:58Z,en,window,-60
Q50002@20260911T07,50002,Emma Bonino,death,6,2026-09-11T07:00Z,2026-09-11T07:52:22Z,it,window,-52
Q116924136@20260920T15,116924136,2026 Berlin state election,other,6,2026-09-20T15:00Z,2026-09-20T16:27:10Z,de,window,-87
Q231536@20260926T14,231536,Kate Upton,entertainment,6,2026-09-26T14:00Z,,,,
Q487909@20261003T08,487909,Anatoly Kashpirovsky,death,6,2026-10-03T08:00Z,2026-10-03T09:00:30Z,ru,window,-60
Q231058@20260910T16,231058,Shailene Woodley,entertainment,6,2026-09-10T16:00Z,,,,
Q3489621@20260911T05,3489621,Casualties of the September 11 attacks,other,6,2026-09-11T05:00Z,,,,
Q275964@20260914T21,275964,Mariska Hargitay,entertainment,6,2026-09-14T21:00Z,,,,
Q20942818@20261006T09,20942818,Francis Halzen,human,6,2026-10-06T09:00Z,2026-10-06T09:52:17Z,en,window,-52
Q130633026@20261001T06,130633026,East of Eden,entertainment,6,2026-10-01T06:00Z,2026-10-01T19:49:37Z,en,window,-830
Q229426@20260914T23,229426,Keri Russell,entertainment,6,2026-09-14T23:00Z,,,,
Q354979@20261007T09,354979,,human,6,2026-10-07T09:00Z,2026-10-07T09:54:25Z,en,window,-54
Q129677718@20260929T17,129677718,Digger,entertainment,6,2026-09-29T17:00Z,2026-09-29T17:29:18Z,en,window,-29
Q2140891@20260911T04,2140891,timeline for the day of the September 11 attacks,other,6,2026-09-11T04:00Z,,,,
Q218630@20261008T00,218630,Michael Dell,human,6,2026-10-08T00:00Z,,,,
Q30244784@20260920T18,30244784,2021 Russian legislative election,other,6,2026-09-20T18:00Z,,,,
Q109608@20260913T17,109608,Sophia Thomalla,entertainment,6,2026-09-13T17:00Z,,,,
Q11721652@20260923T08,11721652,Tom Bateman,entertainment,6,2026-09-23T08:00Z,,,,
Q141605182@20260930T09,141605182,Flydubai Flight 1073,other,6,2026-09-30T09:00Z,2026-09-30T11:15:47Z,he,window,-136
Q240496@20260926T05,240496,Lizzie Borden,human,6,2026-09-26T05:00Z,,,,
Q2075526@20261005T09,2075526,,human,6,2026-10-05T09:00Z,2026-10-05T09:44:34Z,en,window,-45
Q56629098@20260913T18,56629098,2022 Swedish general election,other,6,2026-09-13T18:00Z,,,,
Q2522116@20260917T07,2522116,Vicky Krieps,entertainment,6,2026-09-17T07:00Z,,,,
Q124359083@20261009T08,124359083,Animals,entertainment,6,2026-10-09T08:00Z,,,,
Q193458@20260917T05,193458,Sienna Miller,entertainment,6,2026-09-17T05:00Z,,,,
Q28653501@20260923T10,28653501,Lili Reinhart,entertainment,6,2026-09-23T10:00Z,,,,
Q8360@20260914T15,8360,(What's the Story) Morning Glory?,entertainment,6,2026-09-14T15:00Z,,,,
Q4502477@20260915T00,4502477,,entertainment,6,2026-09-15T00:00Z,,,,
Q1048495@20260930T06,1048495,flydubai,other,6,2026-09-30T06:00Z,,,,
Q356294@20260917T08,356294,Charlie Hunnam,entertainment,6,2026-09-17T08:00Z,,,,
Q122155720@20260915T00,122155720,Pluribus,entertainment,6,2026-09-15T00:00Z,,,,
Q111308591@20261001T18,111308591,Tom Bischof,sports,6,2026-10-01T18:00Z,,,,
Q27999203@20260919T23,27999203,Alexandre Pantoja,human,6,2026-09-19T23:00Z,2026-09-20T04:10:43Z,en,window,-311
Q15981@20260928T04,15981,Robert Schuman,human,6,2026-09-28T04:00Z,,,,
Q632680@20260911T07,632680,Remember Me,entertainment,6,2026-09-11T07:00Z,,,,
Q353973@20260927T22,353973,Pat Smear,entertainment,6,2026-09-27T22:00Z,,,,
Q124527491@20260926T22,124527491,Raúl Rosas Jr.,human,6,2026-09-26T22:00Z,2026-09-27T04:22:40Z,en,window,-383
Q31981@20260923T08,31981,David Alaba,sports,6,2026-09-23T08:00Z,,,,
Q67243168@20261001T19,67243168,Troy Parrott,sports,6,2026-10-01T19:00Z,,,,
Q428798@20260928T00,428798,Krist Novoselic,entertainment,6,2026-09-28T00:00Z,,,,
Q969725@20261003T16,969725,Harry Kane,sports,6,2026-10-03T16:00Z,2026-10-03T18:06:25Z,it,window,-126
Q131228114@20260920T01,131228114,Maurício Ruffy,human,6,2026-09-20T01:00Z,2026-09-20T03:23:31Z,en,window,-144
Q123289726@20260911T19,123289726,Franco Mastantuono,sports,6,2026-09-11T19:00Z,2026-09-11T21:00:05Z,it,window,-120
Q40026@20260929T07,40026,Sylvester Stallone,entertainment,6,2026-09-29T07:00Z,,,,
Q29491@20260930T12,29491,Chris Smalling,sports,6,2026-09-30T12:00Z,,,,
Q62076054@20261002T17,62076054,Sebastiano Esposito,sports,6,2026-10-02T17:00Z,,,,
Q1033016@20261002T01,1033016,Halle Berry,entertainment,6,2026-10-02T01:00Z,,,,
Q1783815@20260922T14,1783815,Ninja Theory,other,6,2026-09-22T14:00Z,2026-09-22T15:16:24Z,en,window,-76
Q1136137@20260911T04,1136137,National September 11 Memorial & Museum,other,6,2026-09-11T04:00Z,,,,
Q676555@20261002T23,676555,Francis of Assisi,human,6,2026-10-02T23:00Z,,,,
Q463153@20260925T12,463153,Henry Murray,human,6,2026-09-25T12:00Z,,,,
Q85518537@20260913T18,85518537,Carlos Alcaraz,sports,6,2026-09-13T18:00Z,,,,
Q57287@20260911T13,57287,Harald V of Norway,human,6,2026-09-11T13:00Z,,,,
Q126363508@20260911T17,126363508,World Athletics Ultimate Championship,other,6,2026-09-11T17:00Z,,,,
Q57911283@20261004T10,57911283,Michelle Bolsonaro,human,6,2026-10-04T10:00Z,,,,
Q56424307@20260927T18,56424307,Karim Adeyemi,sports,6,2026-09-27T18:00Z,,,,
Q287607@20260915T02,287607,Rob Reiner,entertainment,6,2026-09-15T02:00Z,,,,
Q107446975@20260910T19,107446975,Martin Baturina,sports,6,2026-09-10T19:00Z,,,,
Q3486445@20261006T13,3486445,Skydance Media,organization,6,2026-10-06T13:00Z,,,,
Q124357777@20260928T17,124357777,Esteban Lepaul,sports,6,2026-09-28T17:00Z,,,,
Q59914700@20260928T17,59914700,Salvatore Esposito,sports,6,2026-09-28T17:00Z,,,,
Q30675529@20260920T00,30675529,Tai Tuivasa,human,6,2026-09-20T00:00Z,,,,
Q136388604@20260927T17,136388604,Younes Ebnoutalib,sports,6,2026-09-27T17:00Z,,,,
Q106819328@20260915T00,106819328,Hacks,entertainment,6,2026-09-15T00:00Z,,,,
Q1383600@20261006T06,1383600,Jacek Ziober,death,6,2026-10-06T06:00Z,,,,
Q79058092@20261002T18,79058092,Lucas Da Cunha,sports,6,2026-10-02T18:00Z,,,,
Q275958@20260914T20,275958,Tracy Pollan,entertainment,6,2026-09-14T20:00Z,,,,
Q8080212@20260910T16,8080212,İsmail Kartal,sports,6,2026-09-10T16:00Z,,,,
Q469954@20260921T03,469954,Austin Butler,entertainment,6,2026-09-21T03:00Z,,,,
Q645455@20260912T20,645455,list of Grand Slam women's singles champions,other,6,2026-09-12T20:00Z,,,,
Q116194607@20260913T20,116194607,Vasilije Adžić,sports,6,2026-09-13T20:00Z,,,,
Q3327@20260926T14,3327,Lourdes,other,6,2026-09-26T14:00Z,,,,
Q44585@20261007T09,44585,Nobel Prize in Chemistry,other,6,2026-10-07T09:00Z,,,,
Q2019307@20260914T18,2019307,Ronnie Radke,entertainment,6,2026-09-14T18:00Z,,,,
Q111845115@20260924T19,111845115,Mexx Meerdink,sports,6,2026-09-24T19:00Z,,,,
Q18704247@20260919T23,18704247,Marlon Vera,human,6,2026-09-19T23:00Z,2026-09-20T01:02:41Z,en,window,-123
Q62833385@20260928T11,62833385,Starship,other,6,2026-09-28T11:00Z,,,,
Q88762@20260913T17,88762,Dominic Thiem,sports,6,2026-09-13T17:00Z,,,,
Q623394@20261007T10,623394,Carrie,other,6,2026-10-07T10:00Z,,,,
Q127429178@20260912T21,127429178,Jean Silva,human,6,2026-09-12T21:00Z,,,,
Q440@20260911T05,440,Salvador Allende,human,6,2026-09-11T05:00Z,,,,
Q111336539@20260910T19,111336539,Nico Paz,sports,6,2026-09-10T19:00Z,,,,
Q119237165@20261002T17,119237165,Francesco Pio Esposito,sports,6,2026-10-02T17:00Z,,,,
Q124357777@20261005T18,124357777,Esteban Lepaul,sports,6,2026-10-05T18:00Z,,,,
Q16844931@20260917T00,16844931,Inter Miami CF,sports,6,2026-09-17T00:00Z,,,,
Q2426747@20260919T16,2426747,Thomas Reis,sports,6,2026-09-19T16:00Z,,,,
Q113704154@20260926T18,113704154,Lamine Yamal,sports,6,2026-09-26T18:00Z,,,,
Q267245@20260930T18,267245,Portugal men's national football team,other,6,2026-09-30T18:00Z,,,,
Q3078910@20260927T12,3078910,Mathieu van der Poel,sports,6,2026-09-27T12:00Z,,,,
Q836@20260919T23,836,Myanmar,other,6,2026-09-19T23:00Z,,,,
Q961740@20260919T23,961740,Robelis Despaigne,sports,6,2026-09-19T23:00Z,,,,
Q83106@20260917T04,83106,Jürgen Klopp,sports,6,2026-09-17T04:00Z,,,,
Q84158344@20260917T19,84158344,Nick Woltemade,sports,6,2026-09-17T19:00Z,,,,
Q108910786@20260928T18,108910786,Maghnes Akliouche,sports,6,2026-09-28T18:00Z,,,,
Q856670@20260911T03,856670,1973 Chilean coup d'état,politics,6,2026-09-11T03:00Z,,,,
Q676250@20261007T15,676250,Ramon Vega,sports,6,2026-10-07T15:00Z,,,,
Q297768@20260928T17,297768,Vincenzo Montella,sports,6,2026-09-28T17:00Z,,,,
Q368682@20260916T18,368682,Ruben Amorim,sports,6,2026-09-16T18:00Z,,,,
Q96103548@20260919T23,96103548,Alonzo Menifield,human,6,2026-09-19T23:00Z,,,,
Q311872@20260914T16,311872,Philippe Coutinho,sports,6,2026-09-14T16:00Z,,,,
Q298976@20260924T13,298976,Bert van Marwijk,sports,6,2026-09-24T13:00Z,,,,
Q5176750@20261004T11,5176750,President of Brazil,other,6,2026-10-04T11:00Z,,,,
Q36970@20260926T17,36970,Jackie Chan,entertainment,6,2026-09-26T17:00Z,,,,
Q396@20260924T16,396,U2,entertainment,6,2026-09-24T16:00Z,,,,
Q969725@20260926T19,969725,Harry Kane,sports,6,2026-09-26T19:00Z,,,,
Q150947@20260910T18,150947,Martín Demichelis,sports,6,2026-09-10T18:00Z,,,,
Q125376751@20260919T10,125376751,Johan Manzambi,sports,6,2026-09-19T10:00Z,,,,
Q566257@20260920T17,566257,Friedrich Merz,human,6,2026-09-20T17:00Z,,,,
Q18797@20260922T15,18797,Wladimir Klitschko,sports,6,2026-09-22T15:00Z,,,,
Q294951@20260923T13,294951,Christian Eriksen,sports,6,2026-09-23T13:00Z,,,,
Q44297797@20260913T18,44297797,Ferran Torres,sports,6,2026-09-13T18:00Z,,,,
Q73154387@20260912T18,73154387,,entertainment,6,2026-09-12T18:00Z,,,,
Q368441@20260915T17,368441,James Rodríguez,sports,6,2026-09-15T17:00Z,,,,
Q38104@20261006T08,38104,Nobel Prize in Physics,other,6,2026-10-06T08:00Z,,,,
Q483203@20261002T04,483203,Sting,entertainment,6,2026-10-02T04:00Z,,,,
Q113515004@20260928T18,113515004,Mika Godts,sports,6,2026-09-28T18:00Z,,,,
Q43666@20260913T21,43666,Thomas Müller,sports,6,2026-09-13T21:00Z,,,,
Q2557477@20260920T12,2557477,World Road Cycling Championships - Men ITT,other,6,2026-09-20T12:00Z,,,,
Q2928@20261005T04,2928,October 6,other,6,2026-10-05T04:00Z,,,,
Q59914700@20261002T17,59914700,Salvatore Esposito,sports,6,2026-10-02T17:00Z,,,,
Q20723878@20261002T18,20723878,Dayot Upamecano,sports,6,2026-10-02T18:00Z,,,,
Q4935873@20260917T07,4935873,Magdalena Andersson,human,6,2026-09-17T07:00Z,,,,
Q311872@20260910T19,311872,Philippe Coutinho,sports,6,2026-09-10T19:00Z,,,,
Q42303600@20260913T20,42303600,Edon Zhegrova,sports,6,2026-09-13T20:00Z,,,,
Q108910786@20261005T18,108910786,Maghnes Akliouche,sports,6,2026-10-05T18:00Z,,,,
Q134925@20260927T18,134925,Greece men's national football team,other,6,2026-09-27T18:00Z,,,,
Q115372@20260910T18,115372,Stadio Giuseppe Sinigaglia,other,6,2026-09-10T18:00Z,,,,
Q2882@20260928T03,2882,September 29,other,6,2026-09-28T03:00Z,,,,
Q22007193@20260913T11,22007193,Lando Norris,human,6,2026-09-13T11:00Z,,,,
Q7191@20261005T06,7191,Nobel Prize,other,6,2026-10-05T06:00Z,,,,
Q40615@20261004T05,40615,Marc Márquez,human,6,2026-10-04T05:00Z,,,,
Q84247209@20261005T18,84247209,Daniel Maldini,sports,6,2026-10-05T18:00Z,,,,
Q104762954@20260913T15,104762954,Elliot Anderson,sports,6,2026-09-13T15:00Z,,,,
Q44977@20260913T18,44977,Pierre-Emerick Aubameyang,sports,6,2026-09-13T18:00Z,,,,
Q108159340@20260925T18,108159340,Αrda Güler,sports,6,2026-09-25T18:00Z,,,,
Q42005@20261005T06,42005,Black Death,science_tech,6,2026-10-05T06:00Z,,,,
Q27957350@20260912T21,27957350,Brandon Moreno,human,6,2026-09-12T21:00Z,,,,
Q485298@20261009T17,485298,Gillian Anderson,entertainment,6,2026-10-09T17:00Z,,,,
Q65950315@20260910T18,65950315,,sports,6,2026-09-10T18:00Z,,,,
Q514427@20260912T18,514427,Granit Xhaka,sports,6,2026-09-12T18:00Z,,,,
Q230238@20260911T12,230238,Astrid of Sweden,human,6,2026-09-11T12:00Z,,,,
Q41244@20260928T20,41244,Andriy Shevchenko,sports,6,2026-09-28T20:00Z,,,,
Q18978@20261005T00,18978,Santa Faustina Kowalska,human,6,2026-10-05T00:00Z,,,,
Q3042087@20260919T05,3042087,Houthis,other,6,2026-09-19T05:00Z,,,,
Q172567@20260917T17,172567,Beşiktaş J.K.,sports,6,2026-09-17T17:00Z,,,,
Q462480@20260926T14,462480,Elisa Longo Borghini,sports,6,2026-09-26T14:00Z,,,,
Q218636@20260919T09,218636,Rockwell B-1 Lancer,other,6,2026-09-19T09:00Z,,,,
Q27940843@20260926T10,27940843,Azerbaijan Grand Prix,other,6,2026-09-26T10:00Z,,,,
Q48335@20261008T10,48335,Newfoundland,other,6,2026-10-08T10:00Z,,,,
Q18962@20261002T18,18962,Adrien Rabiot,sports,6,2026-10-02T18:00Z,,,,
Q326159@20261009T17,326159,Niclas Füllkrug,sports,6,2026-10-09T17:00Z,,,,
Q238@20260926T15,238,San Marino,other,6,2026-09-26T15:00Z,,,,
Q9208@20260912T13,9208,Spanish Grand Prix,other,6,2026-09-12T13:00Z,,,,
Q462830@20260912T20,462830,list of US Open women's singles champions,other,6,2026-09-12T20:00Z,,,,
Q173145@20261004T07,173145,Jos Verstappen,human,6,2026-10-04T07:00Z,,,,
Q21511883@20260925T08,21511883,Brigitte Macron,human,6,2026-09-25T08:00Z,,,,
Q805@20260910T12,805,Yemen,other,6,2026-09-10T12:00Z,,,,
Q16665941@20260910T16,16665941,N'Golo Kanté,sports,6,2026-09-10T16:00Z,,,,
Q609551@20260912T20,609551,Arthur Ashe Stadium,other,6,2026-09-12T20:00Z,,,,
Q132377@20260918T12,132377,Davis Cup,other,6,2026-09-18T12:00Z,,,,
Q30584542@20260920T14,30584542,Marlen Reusser,sports,6,2026-09-20T14:00Z,,,,
Q934877@20260926T13,934877,World Road Cycling Championships - Women RR,other,6,2026-09-26T13:00Z,,,,
Q27889974@20260925T18,27889974,Moise Kean,sports,6,2026-09-25T18:00Z,,,,
Q27049064@20261001T09,27049064,João Félix,sports,6,2026-10-01T09:00Z,,,,
Q131240@20261006T07,131240,Anna Politkovskaya,human,6,2026-10-06T07:00Z,,,,
Q20830929@20261004T14,20830929,Giulio Ciccone,sports,6,2026-10-04T14:00Z,,,,
Q130255645@20260925T18,130255645,Rafael Jódar,sports,6,2026-09-25T18:00Z,,,,
Q28973528@20260925T18,28973528,Gianluca Mancini,sports,6,2026-09-25T18:00Z,,,,
Q54691@20260913T17,54691,MaliVai Washington,sports,6,2026-09-13T17:00Z,,,,
Q340@20260920T13,340,Montreal,other,6,2026-09-20T13:00Z,,,,
Q18207229@20260929T18,18207229,Dominik Livaković,sports,6,2026-09-29T18:00Z,,,,
Q13205@20261002T18,13205,Stade de France,other,6,2026-10-02T18:00Z,,,,
Q116700351@20260927T17,116700351,Renato Veiga,sports,6,2026-09-27T17:00Z,,,,
Q27049064@20260924T19,27049064,João Félix,sports,6,2026-09-24T19:00Z,,,,
Q90005@20261004T06,90005,Toto Wolff,human,6,2026-10-04T06:00Z,,,,
Q106522281@20261004T03,106522281,Nikola Bartůňková,sports,6,2026-10-04T03:00Z,,,,
Q116700351@20261004T18,116700351,Renato Veiga,sports,6,2026-10-04T18:00Z,,,,
Q506424@20260920T17,506424,UCI Road World Championships,other,6,2026-09-20T17:00Z,,,,
Q16063229@20260919T18,16063229,Andreas Christensen,sports,6,2026-09-19T18:00Z,,,,
Q311586@20261006T22,311586,Lionel Scaloni,sports,6,2026-10-06T22:00Z,,,,
Q15531382@20260926T17,15531382,Katarzyna Niewiadoma,sports,6,2026-09-26T17:00Z,,,,
Q61415365@20261005T10,61415365,Jiří Lehečka,sports,6,2026-10-05T10:00Z,,,,
Q701297@20261006T18,701297,Mateo Kovačić,sports,6,2026-10-06T18:00Z,,,,
Q18747@20260919T06,18747,West Ham United F.C.,sports,6,2026-09-19T06:00Z,,,,
Q172849@20260912T12,172849,Emerson Fittipaldi,human,6,2026-09-12T12:00Z,,,,
Q20973524@20260911T14,20973524,Edward Dunbar,sports,6,2026-09-11T14:00Z,,,,
Q116980@20260912T16,116980,Gennaro Gattuso,sports,6,2026-09-12T16:00Z,,,,
Q240672@20260913T19,240672,Sue Bird,sports,6,2026-09-13T19:00Z,,,,
Q97404267@20260929T18,97404267,Álex Baena,sports,6,2026-09-29T18:00Z,,,,
Q340@20260926T13,340,Montreal,other,6,2026-09-26T13:00Z,,,,
Q1013@20260929T12,1013,Lesotho,other,6,2026-09-29T12:00Z,,,,
Q110466658@20260924T18,110466658,Oscar Bobb,sports,6,2026-09-24T18:00Z,,,,
Q172738@20260926T12,172738,Sepang International Circuit,other,6,2026-09-26T12:00Z,,,,
Q15620192@20260920T14,15620192,Vedat Muriqi,sports,6,2026-09-20T14:00Z,,,,
Q8810@20260913T14,8810,Granada,other,6,2026-09-13T14:00Z,,,,
Q212518@20260912T14,212518,Patrick Dempsey,entertainment,6,2026-09-12T14:00Z,,,,
Q62900@20261004T07,62900,Bernd Mayländer,human,6,2026-10-04T07:00Z,,,,
Q5484@20260926T10,5484,Caspian Sea,other,6,2026-09-26T10:00Z,,,,
Q29566@20260910T19,29566,Michael Carrick,sports,6,2026-09-10T19:00Z,,,,
Q238@20260929T18,238,San Marino,other,6,2026-09-29T18:00Z,,,,
Q47050@20260924T18,47050,Netherlands national association football team,other,6,2026-09-24T18:00Z,,,,
Q297768@20261002T18,297768,Vincenzo Montella,sports,6,2026-10-02T18:00Z,,,,
Q4979316@20261004T18,4979316,Bruno Fernandes,sports,6,2026-10-04T18:00Z,,,,
Q50821956@20260927T13,50821956,Remco Evenepoel,sports,6,2026-09-27T13:00Z,,,,
Q194393@20260910T18,194393,SK Slavia Prague,sports,6,2026-09-10T18:00Z,,,,
Q20971580@20260920T18,20971580,Filippo Ganna,sports,6,2026-09-20T18:00Z,,,,
Q3840425@20261003T18,3840425,Luis de la Fuente,sports,6,2026-10-03T18:00Z,,,,
Q2739@20260910T16,2739,AS Roma,sports,6,2026-09-10T16:00Z,,,,
Q17517223@20260927T15,17517223,Vanja Milinković-Savić,sports,6,2026-09-27T15:00Z,,,,
Q19882816@20260924T18,19882816,Denzel Dumfries,sports,6,2026-09-24T18:00Z,,,,
Q62096129@20261009T07,62096129,Zheng Qinwen,sports,6,2026-10-09T07:00Z,,,,
Q4241246@20260910T16,4241246,Bryan Cristante,sports,6,2026-09-10T16:00Z,,,,
Q6439494@20260920T14,6439494,Giovanni Simeone,sports,6,2026-09-20T14:00Z,,,,
Q2172@20260927T18,2172,Lance Armstrong,sports,6,2026-09-27T18:00Z,,,,
Q238@20261006T19,238,San Marino,other,6,2026-10-06T19:00Z,,,,
Q117748895@20260920T18,117748895,Jakob Söderqvist,sports,6,2026-09-20T18:00Z,,,,
Q18207229@20261006T18,18207229,Dominik Livaković,sports,6,2026-10-06T18:00Z,,,,
Q6298063@20261001T19,6298063,João Cancelo,sports,6,2026-10-01T19:00Z,,,,
Q22082505@20260920T14,22082505,Marc Hagit Cucurella,sports,6,2026-09-20T14:00Z,,,,
Q2110167@20261007T15,2110167,Primož Roglič,sports,6,2026-10-07T15:00Z,,,,
Q19588392@20260917T19,19588392,Václav Černý,sports,6,2026-09-17T19:00Z,,,,
Q113472436@20260910T16,113472436,Ruben van Bommel,sports,6,2026-09-10T16:00Z,,,,
Q104531559@20260920T14,104531559,Zoe Bäckstedt,sports,6,2026-09-20T14:00Z,,,,
Q4628@20261002T18,4628,Faroe Islands,other,6,2026-10-02T18:00Z,,,,
Q66417354@20260927T17,66417354,Quinn Simmons,sports,6,2026-09-27T17:00Z,,,,
Q73235453@20260916T19,73235453,Jakub Kamiński,sports,6,2026-09-16T19:00Z,,,,
Q17612631@20261003T20,17612631,Mikel Merino,sports,6,2026-10-03T20:00Z,,,,
Q185027@20260911T19,185027,pole vault,other,6,2026-09-11T19:00Z,,,,
Q21484766@20260920T15,21484766,Ademola Lookman,sports,6,2026-09-20T15:00Z,,,,
Q99617367@20260927T18,99617367,Francisco Conceição,sports,6,2026-09-27T18:00Z,,,,
Q20@20260927T18,20,Norway,other,6,2026-09-27T18:00Z,,,,
Q17074511@20260910T16,17074511,Ederson,sports,6,2026-09-10T16:00Z,,,,
Q76719@20260926T12,76719,Timo Glock,human,6,2026-09-26T12:00Z,,,,
Q483027@20260925T20,483027,Paolo Maldini,sports,6,2026-09-25T20:00Z,,,,
Q110466658@20260927T19,110466658,Oscar Bobb,sports,6,2026-09-27T19:00Z,,,,
Q66639018@20260927T17,66639018,Ben Healy,sports,6,2026-09-27T17:00Z,,,,
Q151853@20260910T17,151853,Mark van Bommel,sports,6,2026-09-10T17:00Z,,,,
Q5977231@20260913T12,5977231,Álex Márquez,human,6,2026-09-13T12:00Z,,,,
Q110466658@20261004T16,110466658,Oscar Bobb,sports,6,2026-10-04T16:00Z,,,,
Q28034971@20260922T10,28034971,Zohran Mamdani,entertainment,6,2026-09-22T10:00Z,,,,
Q223@20260922T16,223,Greenland,other,6,2026-09-22T16:00Z,,,,
Q26255578@20260927T19,26255578,Diogo Costa,sports,6,2026-09-27T19:00Z,,,,
Q221119@20260910T18,221119,Bodø Municipality,other,6,2026-09-10T18:00Z,,,,
Q12233@20260916T19,12233,Santander,other,6,2026-09-16T19:00Z,,,,
Q107493222@20261003T07,107493222,Daniel Vallejo,sports,6,2026-10-03T07:00Z,,,,
Q911008@20261003T08,911008,Sepang District,other,6,2026-10-03T08:00Z,,,,
Q16236952@20260927T18,16236952,João Palhinha,sports,6,2026-09-27T18:00Z,,,,
Q505804@20261003T12,505804,Giro dell'Emilia,other,6,2026-10-03T12:00Z,,,,
Q111507605@20260912T17,111507605,Julien Alfred,sports,6,2026-09-12T17:00Z,,,,
Q26955@20260912T14,26955,Sierra Nevada,other,6,2026-09-12T14:00Z,,,,
Q963@20260912T16,963,Botswana,other,6,2026-09-12T16:00Z,,,,
Q981788@20260926T10,981788,Justin Verlander,sports,5,2026-09-26T10:00Z,2026-09-26T19:28:59Z,en,window,-569
Q136565785@20260916T17,136565785,Resident Evil,entertainment,5,2026-09-16T17:00Z,2026-09-16T15:32:07Z,en,window,88
Q3709182@20260911T06,3709182,hijackers in the September 11 attacks,other,5,2026-09-11T06:00Z,,,,
Q140277623@20260927T17,140277623,2026 MTV Video Music Awards,other,5,2026-09-27T17:00Z,2026-09-27T23:52:36Z,en,window,-413
Q484874@20260914T14,484874,,entertainment,5,2026-09-14T14:00Z,,,,
Q769236@20261004T20,769236,Augusto Cury,human,5,2026-10-04T20:00Z,,,,
Q6061949@20261002T17,6061949,İoanna Kuçuradi,death,5,2026-10-02T17:00Z,2026-10-02T21:32:59Z,en,window,-273
Q1166180@20260914T05,1166180,Julia,entertainment,5,2026-09-14T05:00Z,,,,
Q3366792@20261004T20,3366792,Avante,politics,5,2026-10-04T20:00Z,,,,
Q20028301@20260926T22,20028301,Raoni Barcelos,human,5,2026-09-26T22:00Z,2026-09-27T02:59:08Z,ja,window,-299
Q113532157@20261004T17,113532157,Derry Scherhant,sports,5,2026-10-04T17:00Z,,,,
Q2464807@20260917T17,2464807,,death,5,2026-09-17T17:00Z,2026-09-17T18:35:29Z,en,window,-95
Q139039620@20261005T13,139039620,2026 FIFA ASEAN Cup,sports,5,2026-10-05T13:00Z,2026-10-05T11:01:17Z,vi,window,119
Q16738674@20260923T12,16738674,Daisy Ridley,entertainment,5,2026-09-23T12:00Z,,,,
Q57583817@20260916T08,57583817,Maria Sten,entertainment,5,2026-09-16T08:00Z,,,,
Q703278@20260917T03,703278,Tom Sturridge,entertainment,5,2026-09-17T03:00Z,,,,
Q47664@20261002T17,47664,Catherine Zeta-Jones,entertainment,5,2026-10-02T17:00Z,,,,
Q368561@20260924T21,368561,Bob Pettit,death,5,2026-09-24T21:00Z,2026-09-24T21:40:11Z,en,window,-40
Q15281410@20260928T01,15281410,Yung Lean,entertainment,5,2026-09-28T01:00Z,,,,
Q125871461@20261003T22,125871461,Payton Talbott,human,5,2026-10-03T22:00Z,,,,
Q130325444@20260917T07,130325444,Monster,entertainment,5,2026-09-17T07:00Z,,,,
Q2746536@20260930T10,2746536,Killing of Muhammad al-Durrah,other,5,2026-09-30T10:00Z,,,,
Q783854@20261008T20,783854,Fort Hood,other,5,2026-10-08T20:00Z,,,,
Q101232509@20260915T01,101232509,Emma D'Arcy,entertainment,5,2026-09-15T01:00Z,,,,
Q4826169@20261008T11,4826169,Autobiography of Red,other,5,2026-10-08T11:00Z,,,,
Q120668096@20261002T18,120668096,Michael Kayode,sports,5,2026-10-02T18:00Z,,,,
Q311222@20261001T05,311222,Kei Nishikori,sports,5,2026-10-01T05:00Z,,,,
Q2410614@20260913T17,2410614,Éric Roy,sports,5,2026-09-13T17:00Z,,,,
Q123737@20260914T23,123737,Emmy Award,other,5,2026-09-14T23:00Z,,,,
Q121898011@20261003T21,121898011,Natália Silva,human,5,2026-10-03T21:00Z,,,,
Q180942@20261007T17,180942,Shia LaBeouf,entertainment,5,2026-10-07T17:00Z,,,,
Q302581@20260920T17,302581,Aaron Rodgers,sports,5,2026-09-20T17:00Z,,,,
Q50602@20260929T16,50602,Manchester City F.C.,sports,5,2026-09-29T16:00Z,,,,
Q313588@20260917T09,313588,Oliver Reed,entertainment,5,2026-09-17T09:00Z,,,,
Q7172014@20261009T00,7172014,Pete Hegseth,sports,5,2026-10-09T00:00Z,,,,
Q43452713@20260918T12,43452713,On AG,organization,5,2026-09-18T12:00Z,,,,
Q296505@20260930T03,296505,Rob Lowe,entertainment,5,2026-09-30T03:00Z,,,,
Q311374@20261005T15,311374,Alexander Ovechkin,sports,5,2026-10-05T15:00Z,,,,
Q59064@20260919T23,59064,Andros Townsend,sports,5,2026-09-19T23:00Z,,,,
Q139204@20260911T08,139204,Zacarias Moussaoui,human,5,2026-09-11T08:00Z,,,,
Q7145945@20260920T01,7145945,Patrício Pitbull,human,5,2026-09-20T01:00Z,,,,
Q503091@20261008T21,503091,Eddie Slovik,human,5,2026-10-08T21:00Z,,,,
Q107294602@20260912T14,107294602,Bachir Belloumi,sports,5,2026-09-12T14:00Z,,,,
Q140175807@20260925T12,140175807,2026 Laver Cup,other,5,2026-09-25T12:00Z,,,,
Q548733@20261009T02,548733,Rama X of Thailand,human,5,2026-10-09T02:00Z,,,,
Q222008@20261002T13,222008,Kathleen Turner,entertainment,5,2026-10-02T13:00Z,,,,
Q504886@20261002T01,504886,Olivier Martinez,entertainment,5,2026-10-02T01:00Z,,,,
Q84082018@20261005T06,84082018,2023 Spanish general election,other,5,2026-10-05T06:00Z,,,,
Q138789898@20260914T15,138789898,iOS 27,science_tech,5,2026-09-14T15:00Z,,,,
Q16729768@20260927T20,16729768,Derrick Henry,sports,5,2026-09-27T20:00Z,,,,
Q374468@20260915T13,374468,Uzun Hassan,human,5,2026-09-15T13:00Z,,,,
Q55398@20260926T14,55398,Bernadette Soubirous,human,5,2026-09-26T14:00Z,,,,
Q125549770@20261001T18,125549770,Saïd El Mala,sports,5,2026-10-01T18:00Z,,,,
Q495571@20261002T02,495571,T.O.P,entertainment,5,2026-10-02T02:00Z,,,,
Q45581@20260929T04,45581,Michael,other,5,2026-09-29T04:00Z,,,,
Q123347490@20261001T18,123347490,2026–27 UEFA Nations League,sports,5,2026-10-01T18:00Z,,,,
Q26773028@20260920T15,26773028,2021 Mecklenburg-Vorpommern state election,other,5,2026-09-20T15:00Z,,,,
Q110837@20260913T18,110837,Left Party,politics,5,2026-09-13T18:00Z,,,,
Q315577@20260910T03,315577,Hideo Kojima,human,5,2026-09-10T03:00Z,,,,
Q26258815@20260927T18,26258815,Ana Brnabić,human,5,2026-09-27T18:00Z,,,,
Q110843@20260913T18,110843,Moderate Party,politics,5,2026-09-13T18:00Z,,,,
Q119237165@20261005T19,119237165,Francesco Pio Esposito,sports,5,2026-10-05T19:00Z,,,,
Q1375057@20260929T04,1375057,Kendall Jenner,entertainment,5,2026-09-29T04:00Z,,,,
Q103845834@20260924T13,103845834,Kevin Schade,sports,5,2026-09-24T13:00Z,,,,
Q46706516@20261003T23,46706516,Roberto Soldić,sports,5,2026-10-03T23:00Z,,,,
Q138684025@20260912T17,138684025,83rd Venice International Film Festival,other,5,2026-09-12T17:00Z,,,,
Q201608@20260913T17,201608,Dennis Rodman,sports,5,2026-09-13T17:00Z,,,,
Q110486192@20260925T10,110486192,Nestor Irankunda,sports,5,2026-09-25T10:00Z,,,,
Q28916689@20260915T14,28916689,Domenico Tedesco,human,5,2026-09-15T14:00Z,,,,
Q462798@20260913T18,462798,list of US Open men's singles champions,other,5,2026-09-13T18:00Z,2026-09-13T22:07:41Z,en,window,-248
Q108120357@20261003T17,108120357,Roberto Fernández Jaén,sports,5,2026-10-03T17:00Z,,,,
Q118612698@20260924T10,118612698,Tatiana Prozorova,sports,5,2026-09-24T10:00Z,,,,
Q108055029@20260920T01,108055029,Josh Hokit,sports,5,2026-09-20T01:00Z,,,,
Q16233713@20260920T01,16233713,Choi Doo-ho,human,5,2026-09-20T01:00Z,,,,
Q49100@20261005T23,49100,Yom Kippur War,other,5,2026-10-05T23:00Z,,,,
Q151469@20260920T18,151469,United Russia,politics,5,2026-09-20T18:00Z,,,,
Q8006@20260918T15,8006,Akira Kurosawa,entertainment,5,2026-09-18T15:00Z,,,,
Q196527@20260928T02,196527,"Saint Wenceslaus I, Duke of Bohemia",human,5,2026-09-28T02:00Z,,,,
Q54875@20261006T23,54875,Our Lady of the Rosary,other,5,2026-10-06T23:00Z,,,,
Q11152@20260915T18,11152,EFL Cup,other,5,2026-09-15T18:00Z,,,,
Q47762@20261003T16,47762,England men's national association football team,other,5,2026-10-03T16:00Z,,,,
Q2616173@20260919T06,2616173,Millwall F.C.–West Ham United F.C. rivalry,other,5,2026-09-19T06:00Z,,,,
Q347215@20260911T07,347215,Minoru Yamasaki,human,5,2026-09-11T07:00Z,,,,
Q108761711@20260920T16,108761711,2025 German federal election,other,5,2026-09-20T16:00Z,,,,
Q357@20260911T10,357,Guantanamo Bay detention camp,other,5,2026-09-11T10:00Z,,,,
Q19560313@20261005T18,19560313,Dani Olmo,sports,5,2026-10-05T18:00Z,,,,
Q170530@20261002T09,170530,Sarah Jessica Parker,entertainment,5,2026-10-02T09:00Z,,,,
Q298672@20260924T17,298672,Justin Long,entertainment,5,2026-09-24T17:00Z,,,,
Q20965633@20260925T13,20965633,Jacob Tremblay,entertainment,5,2026-09-25T13:00Z,,,,
Q135526787@20261004T07,135526787,2026 World Rally Championship,sports,5,2026-10-04T07:00Z,,,,
Q121068701@20261001T18,121068701,Aleksandar Pavlović,sports,5,2026-10-01T18:00Z,,,,
Q221908@20260925T12,221908,Yannick Noah,sports,5,2026-09-25T12:00Z,,,,
Q44297797@20260920T20,44297797,Ferran Torres,sports,5,2026-09-20T20:00Z,,,,
Q519515@20260914T17,519515,Falling in Reverse,entertainment,5,2026-09-14T17:00Z,,,,
Q48122905@20261003T23,48122905,Deiveson Figueiredo,human,5,2026-10-03T23:00Z,,,,
Q297768@20261005T18,297768,Vincenzo Montella,sports,5,2026-10-05T18:00Z,,,,
Q64748320@20261005T06,64748320,Jhon Durán,sports,5,2026-10-05T06:00Z,,,,
Q3028176@20260927T20,3028176,Dimitris Kourbelis,sports,5,2026-09-27T20:00Z,,,,
Q7564201@20261007T09,7564201,list of Nobel laureates in Chemistry,other,5,2026-10-07T09:00Z,,,,
Q272930@20260913T17,272930,Parliament of Sweden,other,5,2026-09-13T17:00Z,,,,
Q189892@20261002T17,189892,Gheorghe Hagi,sports,5,2026-10-02T17:00Z,,,,
Q28561068@20261002T19,28561068,Alessandro Bastoni,sports,5,2026-10-02T19:00Z,,,,
Q582891@20261002T18,582891,Madrigueras,other,5,2026-10-02T18:00Z,,,,
Q11459@20260912T20,11459,Serena Williams,sports,5,2026-09-12T20:00Z,,,,
Q131730273@20260919T23,131730273,Iwo Baraniewski,human,5,2026-09-19T23:00Z,,,,
Q136053137@20260912T12,136053137,2026 Formula 2 Championship,sports,5,2026-09-12T12:00Z,,,,
Q57109@20260910T11,57109,Josef Mengele,human,5,2026-09-10T11:00Z,,,,
Q28935729@20260911T01,28935729,JD Vance,human,5,2026-09-11T01:00Z,,,,
Q123906019@20260911T15,123906019,2026 FIFA U-20 Women's World Cup,sports,5,2026-09-11T15:00Z,2026-09-11T15:17:07Z,en,window,-17
Q828547@20260911T08,828547,World Trade Center,entertainment,5,2026-09-11T08:00Z,,,,
Q100144350@20260919T11,100144350,Nicolas Jackson,sports,5,2026-09-19T11:00Z,,,,
Q212715@20260922T14,212715,DragonForce,other,5,2026-09-22T14:00Z,,,,
Q205948@20260917T18,205948,,other,5,2026-09-17T18:00Z,,,,
Q302534@20260914T12,302534,Mister Sinister,other,5,2026-09-14T12:00Z,,,,
Q126193406@20260911T04,126193406,Madring,other,5,2026-09-11T04:00Z,,,,
Q271725@20260925T23,271725,Mr. Olympia,sports,5,2026-09-25T23:00Z,,,,
Q193366@20260916T06,193366,Kosovo Liberation Army,other,5,2026-09-16T06:00Z,2026-09-16T14:33:03Z,en,window,-513
Q19560601@20260912T21,19560601,Alexa Grasso,human,5,2026-09-12T21:00Z,,,,
Q378101@20260928T00,378101,Marcelinho Carioca,sports,5,2026-09-28T00:00Z,,,,
Q4935065@20261004T01,4935065,Bobby Green,human,5,2026-10-04T01:00Z,,,,
Q76486@20260926T04,76486,Saints Cosmas and Damian,other,5,2026-09-26T04:00Z,,,,
Q43708@20261003T14,43708,Bermuda Triangle,other,5,2026-10-03T14:00Z,,,,
Q159347@20261003T18,159347,Steve McQueen,entertainment,5,2026-10-03T18:00Z,,,,
Q43600@20260920T19,43600,Matthew the Apostle,human,5,2026-09-20T19:00Z,,,,
Q527550@20260924T18,527550,Jorge Jesus,sports,5,2026-09-24T18:00Z,,,,
Q112418644@20260927T17,112418644,Andrews Tetteh,sports,5,2026-09-27T17:00Z,,,,
Q112813857@20260926T18,112813857,Jarell Quansah,sports,5,2026-09-26T18:00Z,,,,
Q336210@20260912T20,336210,list of WTA number 1 ranked singles tennis players,other,5,2026-09-12T20:00Z,,,,
Q96374792@20260919T22,96374792,Charles Jourdain,human,5,2026-09-19T22:00Z,,,,
Q13603535@20260926T18,13603535,World Road Cycling Championships - Men RR,other,5,2026-09-26T18:00Z,,,,
Q1780398@20260917T06,1780398,Ulf Kristersson,human,5,2026-09-17T06:00Z,2026-09-17T12:10:53Z,sv,window,-371
Q112963287@20260920T16,112963287,Gift Orban,sports,5,2026-09-20T16:00Z,,,,
Q1190134@20260915T15,1190134,,entertainment,5,2026-09-15T15:00Z,,,,
Q208396@20260917T18,208396,Ferencvárosi TC,sports,5,2026-09-17T18:00Z,,,,
Q109608@20260911T19,109608,Sophia Thomalla,entertainment,5,2026-09-11T19:00Z,,,,
Q32999543@20261006T23,32999543,Antonela Roccuzzo,entertainment,5,2026-10-06T23:00Z,,,,
Q852317@20261006T09,852317,list of Nobel laureates in Physics,other,5,2026-10-06T09:00Z,2026-10-06T10:12:03Z,zh,window,-72
Q1631106@20260925T15,1631106,Poland men's national volleyball team,other,5,2026-09-25T15:00Z,,,,
Q312314@20261006T00,312314,Bruno of Cologne,human,5,2026-10-06T00:00Z,,,,
Q130633606@20260912T13,130633606,2026 MotoGP World Championship,other,5,2026-09-12T13:00Z,,,,
Q56085180@20260916T17,56085180,Jonathan David,sports,5,2026-09-16T17:00Z,,,,
Q52990659@20260920T13,52990659,Antoine Semenyo,sports,5,2026-09-20T13:00Z,,,,
Q22763@20260913T06,22763,9/11 conspiracy theories,other,5,2026-09-13T06:00Z,,,,
Q67222776@20261003T15,67222776,Samuel Lino,sports,5,2026-10-03T15:00Z,,,,
Q176@20261006T02,176,Quebec,other,5,2026-10-06T02:00Z,,,,
Q47762@20260926T18,47762,England men's national association football team,other,5,2026-09-26T18:00Z,2026-09-26T20:41:39Z,en,window,-162
Q72386202@20261004T00,72386202,Sergei Pavlovich,human,5,2026-10-04T00:00Z,,,,
Q1911@20260929T10,1911,Olivier Giroud,sports,5,2026-09-29T10:00Z,,,,
Q29566@20260913T15,29566,Michael Carrick,sports,5,2026-09-13T15:00Z,,,,
Q141507603@20260930T23,141507603,Deaths in October 2026,other,5,2026-09-30T23:00Z,,,,
Q70991@20260917T04,70991,Hildegard of Bingen,entertainment,5,2026-09-17T04:00Z,,,,
Q62076054@20260913T19,62076054,Sebastiano Esposito,sports,5,2026-09-13T19:00Z,,,,
Q121422889@20261003T19,121422889,Víctor Muñoz,sports,5,2026-10-03T19:00Z,,,,
Q123577@20260912T22,123577,US Open,other,5,2026-09-12T22:00Z,,,,
Q24368@20260928T21,24368,Barbara Palvin,entertainment,5,2026-09-28T21:00Z,,,,
Q121422889@20260929T20,121422889,Víctor Muñoz,sports,5,2026-09-29T20:00Z,,,,
Q17436465@20260920T07,17436465,Andreas Almgren,sports,5,2026-09-20T07:00Z,,,,
Q22043430@20260912T14,22043430,Enric Mas,sports,5,2026-09-12T14:00Z,,,,
Q26@20260912T11,26,Northern Ireland,other,5,2026-09-12T11:00Z,,,,
Q31871265@20260920T18,31871265,Timothy Weah,sports,5,2026-09-20T18:00Z,,,,
Q30729096@20260913T15,30729096,Phil Foden,sports,5,2026-09-13T15:00Z,,,,
Q135902268@20260920T06,135902268,FP-5 Flamingo,other,5,2026-09-20T06:00Z,,,,
Q59215@20260916T03,59215,Robert Redford,entertainment,5,2026-09-16T03:00Z,,,,
Q5450499@20261005T09,5450499,list of Nobel laureates in Physiology or Medicine,other,5,2026-10-05T09:00Z,2026-10-05T09:59:05Z,en,window,-59
Q702455@20260910T18,702455,RB Leipzig,sports,5,2026-09-10T18:00Z,,,,
Q4522047@20261004T02,4522047,Valentina Shevchenko,sports,5,2026-10-04T02:00Z,,,,
Q100846983@20261003T10,100846983,Mauro Gambetti,human,5,2026-10-03T10:00Z,2026-10-03T10:16:53Z,it,window,-17
Q192533@20260917T05,192533,Mark Carney,human,5,2026-09-17T05:00Z,,,,
Q7852@20261004T12,7852,World Rally Championship,other,5,2026-10-04T12:00Z,,,,
Q137970447@20260919T13,137970447,2026 FIFA Intercontinental Cup,sports,5,2026-09-19T13:00Z,,,,
Q483463@20260919T09,483463,Asian Games,other,5,2026-09-19T09:00Z,,,,
Q8603@20260913T18,8603,US Sassuolo Calcio,sports,5,2026-09-13T18:00Z,,,,
Q117312887@20260929T18,117312887,Fermín López,sports,5,2026-09-29T18:00Z,,,,
Q97028500@20261002T18,97028500,Otto Hindrich,sports,5,2026-10-02T18:00Z,,,,
Q173663@20261004T08,173663,,other,5,2026-10-04T08:00Z,,,,
Q1142844@20261001T00,1142844,International Day of Older Persons,other,5,2026-10-01T00:00Z,,,,
Q18637343@20260919T11,18637343,Emiliano Buendía,sports,5,2026-09-19T11:00Z,,,,
Q114402278@20260912T21,114402278,Mirra Andreeva,sports,5,2026-09-12T21:00Z,,,,
Q547859@20260925T16,547859,Finland men's national volleyball team,other,5,2026-09-25T16:00Z,,,,
Q41520@20260912T20,41520,Wimbledon Championships,other,5,2026-09-12T20:00Z,,,,
Q1867208@20260913T12,1867208,Carlota Ciganda,sports,5,2026-09-13T12:00Z,,,,
Q4818017@20260928T18,4818017,Timsah Arena,other,5,2026-09-28T18:00Z,,,,
Q22958938@20260926T14,22958938,Alex de Minaur,sports,5,2026-09-26T14:00Z,,,,
Q47774@20261002T18,47774,France men's national association football team,other,5,2026-10-02T18:00Z,,,,
Q2634633@20260922T15,2634633,Wilfredo Leon,human,5,2026-09-22T15:00Z,,,,
Q45819496@20260916T19,45819496,Keito Nakamura,sports,5,2026-09-16T19:00Z,,,,
Q15074165@20260930T08,15074165,Esteban Ocon,human,5,2026-09-30T08:00Z,,,,
Q28973528@20261005T18,28973528,Gianluca Mancini,sports,5,2026-10-05T18:00Z,,,,
Q110616805@20260925T18,110616805,Diego Moreira,sports,5,2026-09-25T18:00Z,,,,
Q95984209@20261005T18,95984209,Aral Şimşir,sports,5,2026-10-05T18:00Z,,,,
Q30055335@20261001T13,30055335,Rafael Leão,sports,5,2026-10-01T13:00Z,,,,
Q166776@20260925T18,166776,Belgium men's national football team,other,5,2026-09-25T18:00Z,,,,
Q70780349@20260926T18,70780349,Jarrad Branthwaite,sports,5,2026-09-26T18:00Z,,,,
Q44297797@20260926T18,44297797,Ferran Torres,sports,5,2026-09-26T18:00Z,,,,
Q2921@20261009T07,2921,October 10,other,5,2026-10-09T07:00Z,,,,
Q41533@20260913T14,41533,Frank Lampard,sports,5,2026-09-13T14:00Z,,,,
Q166776@20260928T18,166776,Belgium men's national football team,other,5,2026-09-28T18:00Z,,,,
Q131367308@20261009T12,131367308,2027 FIFA Women's World Cup qualification,sports,5,2026-10-09T12:00Z,,,,
Q121422889@20261006T20,121422889,Víctor Muñoz,sports,5,2026-10-06T20:00Z,,,,
Q27733932@20260912T20,27733932,Ariana DeBose,entertainment,5,2026-09-12T20:00Z,,,,
Q28801927@20260924T18,28801927,Cody Gakpo,sports,5,2026-09-24T18:00Z,,,,
Q27049064@20261004T18,27049064,João Félix,sports,5,2026-10-04T18:00Z,,,,
Q66241169@20260926T19,66241169,Jude Bellingham,sports,5,2026-09-26T19:00Z,,,,
Q65675442@20261004T19,65675442,Joshua Zirkzee,sports,5,2026-10-04T19:00Z,,,,
Q131028@20260910T06,131028,Rosh Hashanah,other,5,2026-09-10T06:00Z,,,,
Q7809@20260925T12,7809,UNESCO,other,5,2026-09-25T12:00Z,,,,
Q458809@20260911T20,458809,Camila Alves,entertainment,5,2026-09-11T20:00Z,,,,
Q2239218@20260926T12,2239218,,entertainment,5,2026-09-26T12:00Z,,,,
Q130741313@20260917T19,130741313,Kerim Alajbegović,sports,5,2026-09-17T19:00Z,2026-09-17T21:10:44Z,en,window,-131
Q164761@20260925T09,164761,100 metres,other,5,2026-09-25T09:00Z,,,,
Q622671@20260928T18,622671,King Baudouin Stadium,other,5,2026-09-28T18:00Z,,,,
Q110483835@20260913T12,110483835,Johan Bellingham,sports,5,2026-09-13T12:00Z,,,,
Q27016751@20260919T09,27016751,2026 Asian Games,other,5,2026-09-19T09:00Z,,,,
Q169814@20260913T11,169814,Valentino Rossi,human,5,2026-09-13T11:00Z,,,,
Q235075@20261007T12,235075,Poppy Montgomery,entertainment,5,2026-10-07T12:00Z,,,,
Q57553@20260929T17,57553,Mohammed VI of Morocco,human,5,2026-09-29T17:00Z,,,,
Q61598452@20260912T14,61598452,Morgan Rogers,sports,5,2026-09-12T14:00Z,,,,
Q72219351@20260920T13,72219351,Johnny Cardoso,sports,5,2026-09-20T13:00Z,,,,
Q1221156@20260920T16,1221156,federated state of Germany,other,5,2026-09-20T16:00Z,,,,
Q189892@20260925T18,189892,Gheorghe Hagi,sports,5,2026-09-25T18:00Z,,,,
Q1450705@20260925T16,1450705,France men's national volleyball team,other,5,2026-09-25T16:00Z,,,,
Q23762815@20260917T18,23762815,Dušan Vlahović,sports,5,2026-09-17T18:00Z,,,,
Q122227388@20261004T18,122227388,Mihajlo Cvetković,sports,5,2026-10-04T18:00Z,,,,
Q666506@20260929T18,666506,Ricardo Rodriguez,sports,5,2026-09-29T18:00Z,,,,
Q1246@20260916T10,1246,Kosovo,other,5,2026-09-16T10:00Z,,,,
Q3052772@20260925T08,3052772,,human,5,2026-09-25T08:00Z,,,,
Q124283398@20260912T14,124283398,Jérémy Jacquet,sports,5,2026-09-12T14:00Z,,,,
Q30881092@20260910T19,30881092,Lisandro Martínez,sports,5,2026-09-10T19:00Z,,,,
Q676899@20260925T18,676899,Italy men's national association football team,other,5,2026-09-25T18:00Z,,,,
Q13865408@20260924T18,13865408,Joshua Kimmich,sports,5,2026-09-24T18:00Z,,,,
Q173169@20261004T07,173169,Flavio Briatore,human,5,2026-10-04T07:00Z,,,,
Q138188415@20261005T19,138188415,2026–27 UEFA Nations League B,sports,5,2026-10-05T19:00Z,,,,
Q1514@20261003T18,1514,Janis Joplin,entertainment,5,2026-10-03T18:00Z,,,,
Q28967995@20261004T18,28967995,Erling Haaland,sports,5,2026-10-04T18:00Z,,,,
Q104520@20260920T16,104520,Pomerania,other,5,2026-09-20T16:00Z,,,,
Q125848633@20260927T13,125848633,Paul Seixas,sports,5,2026-09-27T13:00Z,,,,
Q191045@20260913T12,191045,Felipe VI of Spain,human,5,2026-09-13T12:00Z,,,,
Q17004958@20260925T12,17004958,Baku City Circuit,other,5,2026-09-25T12:00Z,,,,
Q97028500@20261005T18,97028500,Otto Hindrich,sports,5,2026-10-05T18:00Z,,,,
Q28853780@20260910T18,28853780,Nikita Haikin,sports,5,2026-09-10T18:00Z,,,,
Q133903@20261001T18,133903,Virgil van Dijk,sports,5,2026-10-01T18:00Z,,,,
Q529207@20260911T19,529207,Ronaldo,sports,5,2026-09-11T19:00Z,,,,
Q134479@20261006T18,134479,Croatia men's national football team,other,5,2026-10-06T18:00Z,,,,
Q131379175@20260925T18,131379175,2025 Laver Cup,other,5,2026-09-25T18:00Z,,,,
Q11938@20260910T16,11938,PSV Eindhoven,sports,5,2026-09-10T16:00Z,,,,
Q21281344@20260928T19,21281344,Dodi Lukebakio,sports,5,2026-09-28T19:00Z,,,,
Q83279@20261001T01,83279,SpongeBob SquarePants,other,5,2026-10-01T01:00Z,,,,
Q8072990@20261003T15,8072990,Zlatko Dalić,sports,5,2026-10-03T15:00Z,,,,
Q27310755@20260924T18,27310755,Kai Havertz,sports,5,2026-09-24T18:00Z,,,,
Q38245742@20260919T15,38245742,Mile Svilar,sports,5,2026-09-19T15:00Z,,,,
Q20103@20261003T18,20103,Assisi,other,5,2026-10-03T18:00Z,,,,
Q115181709@20260919T19,115181709,Robbie Ure,sports,5,2026-09-19T19:00Z,,,,
Q297768@20261009T15,297768,Vincenzo Montella,sports,5,2026-10-09T15:00Z,,,,
Q188888@20261005T01,188888,Teachers' Day,other,5,2026-10-05T01:00Z,,,,
Q125848633@20260920T18,125848633,Paul Seixas,sports,5,2026-09-20T18:00Z,,,,
Q60289@20260911T19,60289,Mischa Zverev,sports,5,2026-09-11T19:00Z,,,,
Q35@20261005T07,35,Denmark,other,5,2026-10-05T07:00Z,,,,
Q107493222@20261001T10,107493222,Daniel Vallejo,sports,5,2026-10-01T10:00Z,,,,
Q19560313@20260926T18,19560313,Dani Olmo,sports,5,2026-09-26T18:00Z,,,,
Q432473@20260911T13,432473,Melania Trump,entertainment,5,2026-09-11T13:00Z,,,,
Q105956269@20260920T13,105956269,Iliman Ndiaye,sports,5,2026-09-20T13:00Z,,,,
Q189503@20260926T07,189503,place de la Concorde,other,5,2026-09-26T07:00Z,,,,
Q4979316@20260910T19,4979316,Bruno Fernandes,sports,5,2026-09-10T19:00Z,,,,
Q138745@20261004T08,138745,Valtteri Bottas,human,5,2026-10-04T08:00Z,,,,
Q54436538@20261003T14,54436538,,sports,5,2026-10-03T14:00Z,,,,
Q193005@20260913T11,193005,Marco Simoncelli,human,5,2026-09-13T11:00Z,,,,
Q18656@20260910T19,18656,Manchester United F.C.,sports,5,2026-09-10T19:00Z,,,,
Q159911@20260928T07,159911,BTR-60,other,5,2026-09-28T07:00Z,,,,
Q2609@20260912T16,2609,SS Lazio,sports,5,2026-09-12T16:00Z,,,,
Q8082@20260926T12,8082,Malaysian Grand Prix,other,5,2026-09-26T12:00Z,,,,
Q31082@20260913T18,31082,Florence Griffith Joyner,sports,5,2026-09-13T18:00Z,,,,
Q4628@20260926T15,4628,Faroe Islands,other,5,2026-09-26T15:00Z,,,,
Q7709620@20260926T15,7709620,Sanctuary of Our Lady of Lourdes,other,5,2026-09-26T15:00Z,,,,
Q47492840@20261001T18,47492840,Fotis Ioannidis,sports,5,2026-10-01T18:00Z,,,,
Q66818509@20261001T19,66818509,Vitinha,sports,5,2026-10-01T19:00Z,,,,
Q23540953@20260910T19,23540953,Alphonso Davies,sports,5,2026-09-10T19:00Z,,,,
Q3855340@20261003T18,3855340,Aymeric Laporte,sports,5,2026-10-03T18:00Z,,,,
Q20492762@20260916T19,20492762,Asier Villalibre,sports,5,2026-09-16T19:00Z,,,,
Q26934107@20260917T19,26934107,Justin Kluivert,sports,5,2026-09-17T19:00Z,,,,
Q52161606@20260910T18,52161606,Joshua Kitolano,sports,5,2026-09-10T18:00Z,,,,
Q15106029@20261001T00,15106029,Paw Patrol,other,5,2026-10-01T00:00Z,,,,
Q64748320@20260916T18,64748320,Jhon Durán,sports,5,2026-09-16T18:00Z,,,,
Q161054@20260910T16,161054,Ivan Perišić,sports,5,2026-09-10T16:00Z,,,,
Q186316@20260911T08,186316,Ayman al-Zawahiri,human,5,2026-09-11T08:00Z,,,,
Q66818509@20261004T18,66818509,Vitinha,sports,5,2026-10-04T18:00Z,,,,
Q107365@20260924T18,107365,Manuel Neuer,sports,5,2026-09-24T18:00Z,,,,
Q36339156@20260911T17,36339156,Nicola Olyslagers,sports,5,2026-09-11T17:00Z,,,,
Q60967592@20260927T14,60967592,2025 UCI Road World Championships,other,5,2026-09-27T14:00Z,,,,
Q113472436@20261001T18,113472436,Ruben van Bommel,sports,5,2026-10-01T18:00Z,,,,
Q109057@20260920T16,109057,Mecklenburg,other,5,2026-09-20T16:00Z,,,,
Q680291@20260927T18,680291,Ullevaal Stadion,other,5,2026-09-27T18:00Z,,,,
Q172897@20260913T12,172897,Jarama Circuit,other,5,2026-09-13T12:00Z,,,,
Q107640117@20261004T11,107640117,Sára Bejlek,sports,5,2026-10-04T11:00Z,,,,
Q121422889@20260912T14,121422889,Víctor Muñoz,sports,5,2026-09-12T14:00Z,,,,
Q170478@20260920T12,170478,Bournemouth,other,5,2026-09-20T12:00Z,,,,
Q5158929@20260910T14,5158929,Stefan Küng,sports,5,2026-09-10T14:00Z,,,,
Q23719121@20261008T11,23719121,Ekaterina Alexandrova,sports,5,2026-10-08T11:00Z,,,,
Q44464@20260924T20,44464,Rudi Völler,sports,5,2026-09-24T20:00Z,,,,
Q465831@20260913T17,465831,Men's high jump world record progression,other,5,2026-09-13T17:00Z,,,,
Q19729952@20260920T11,19729952,Jorge Martín,human,5,2026-09-20T11:00Z,,,,
Q116700351@20261001T19,116700351,Renato Veiga,sports,5,2026-10-01T19:00Z,,,,
Q124647398@20261003T17,124647398,Antonín Kinský,sports,5,2026-10-03T17:00Z,,,,
Q218372@20260913T18,218372,Stade Brestois 29,sports,5,2026-09-13T18:00Z,,,,
Q260858@20260926T19,260858,UEFA European Championship,other,5,2026-09-26T19:00Z,,,,
Q21130285@20260920T14,21130285,Marcos Llorente,sports,5,2026-09-20T14:00Z,,,,
Q18066870@20260927T18,18066870,Patrick Berg,sports,5,2026-09-27T18:00Z,,,,
Q98784065@20260910T20,98784065,Ismael Saibari,sports,5,2026-09-10T20:00Z,,,,
Q88223519@20260913T09,88223519,Dino Beganovic,human,5,2026-09-13T09:00Z,,,,
Q13784739@20260920T14,13784739,Alexander Sørloth,sports,5,2026-09-20T14:00Z,,,,
Q151853@20261001T19,151853,Mark van Bommel,sports,5,2026-10-01T19:00Z,,,,
Q104623401@20260913T17,104623401,Tobias Halland Johannessen,sports,5,2026-09-13T17:00Z,,,,
Q23908113@20260929T18,23908113,Unai Simón,sports,5,2026-09-29T18:00Z,,,,
Q106955899@20260917T20,106955899,Ernest Poku,sports,5,2026-09-17T20:00Z,,,,
Q15989263@20260912T17,15989263,Noah Lyles,sports,5,2026-09-12T17:00Z,,,,
Q14914703@20260917T18,14914703,Beşiktaş Stadium,other,5,2026-09-17T18:00Z,,,,
Q317298@20261004T19,317298,Sérgio Conceição,sports,5,2026-10-04T19:00Z,,,,
Q1189@20260925T10,1189,Usain Bolt,sports,5,2026-09-25T10:00Z,,,,
Q96755@20260920T15,96755,Antonio Rüdiger,sports,5,2026-09-20T15:00Z,,,,
Q47476@20260912T13,47476,Alhambra,other,5,2026-09-12T13:00Z,,,,
Q56195338@20260927T18,56195338,Matteo Jorgenson,sports,5,2026-09-27T18:00Z,,,,
Q492748@20260911T13,492748,Estepona,other,5,2026-09-11T13:00Z,,,,
Q183967@20261006T23,183967,David Trezeguet,sports,5,2026-10-06T23:00Z,,,,
Q19729952@20260913T12,19729952,Jorge Martín,human,5,2026-09-13T12:00Z,,,,
Q215657@20260920T12,215657,KTM,other,5,2026-09-20T12:00Z,,,,
Q834621@20260924T16,834621,Bono,entertainment,5,2026-09-24T16:00Z,,,,
Q21532387@20260926T17,21532387,Our Lady of Lourdes,other,5,2026-09-26T17:00Z,,,,
Q28033373@20260927T14,28033373,Thomas Pidcock,sports,5,2026-09-27T14:00Z,,,,
Q1739@20260913T17,1739,Mutaz Essa Barshim,sports,5,2026-09-13T17:00Z,,,,
Q102920@20261001T18,102920,UEFA Euro 2004,other,5,2026-10-01T18:00Z,,,,
Q203040@20260910T13,203040,El Puerto de Santa María,other,5,2026-09-10T13:00Z,,,,
Q69353976@20260912T16,69353976,Marileidy Paulino,sports,5,2026-09-12T16:00Z,,,,
Q296350@20261002T19,296350,Cesare Maldini,sports,5,2026-10-02T19:00Z,,,,
Q108159340@20260920T14,108159340,Αrda Güler,sports,5,2026-09-20T14:00Z,,,,
Q57192958@20261006T10,57192958,Sinja Kraus,sports,5,2026-10-06T10:00Z,,,,
Q106241542@20260913T12,106241542,Pedro Acosta,human,5,2026-09-13T12:00Z,,,,
Q249198@20260927T17,249198,Filip Kostić,sports,5,2026-09-27T17:00Z,,,,
Q24084271@20260927T19,24084271,Francisco Trincão,sports,5,2026-09-27T19:00Z,,,,
Q28531111@20260910T19,28531111,Luis Díaz,sports,5,2026-09-10T19:00Z,,,,
Q96396963@20260927T19,96396963,Nuno Mendes,sports,5,2026-09-27T19:00Z,,,,
Q37417257@20261004T20,37417257,UEFA Euro 2028,other,5,2026-10-04T20:00Z,,,,
Q24084271@20261001T20,24084271,Francisco Trincão,sports,5,2026-10-01T20:00Z,,,,
Q171434@20260913T13,171434,Jacques Laffite,human,5,2026-09-13T13:00Z,,,,
Q317298@20260927T19,317298,Sérgio Conceição,sports,5,2026-09-27T19:00Z,,,,
Q661893@20260927T19,661893,Mauro Gianetti,sports,5,2026-09-27T19:00Z,,,,
Q187@20261005T16,187,Il Canto degli Italiani,other,5,2026-10-05T16:00Z,,,,
Q18358652@20260930T23,18358652,Blaze and the Monster Machines,other,5,2026-09-30T23:00Z,,,,
Q30584542@20260926T17,30584542,Marlen Reusser,sports,5,2026-09-26T17:00Z,,,,
Q1218@20260917T22,1218,Jerusalem,place,5,2026-09-17T22:00Z,,,,
Q1218@20261005T10,1218,Jerusalem,place,5,2026-10-05T10:00Z,,,,
Q1265451@20260918T14,1265451,Duncan Sheik,death,4,2026-09-18T14:00Z,2026-09-18T14:35:20Z,en,window,-35
Q111586203@20260920T14,111586203,2026 Mecklenburg-Vorpommern state election,other,4,2026-09-20T14:00Z,2026-09-20T19:16:00Z,de,window,-316
Q138631536@20260915T00,138631536,78th Primetime Emmy Awards,other,4,2026-09-15T00:00Z,2026-09-15T00:35:51Z,en,window,-36
Q17503525@20260923T14,17503525,Elizabeth Holmes,human,4,2026-09-23T14:00Z,,,,
Q7425737@20261003T23,7425737,Sass Jordan,death,4,2026-10-03T23:00Z,2026-10-04T01:10:22Z,en,window,-130
Q543548@20260923T06,543548,Angry Anderson,death,4,2026-09-23T06:00Z,2026-09-23T06:38:50Z,en,window,-39
Q55816@20260916T18,55816,Chicxulub crater,other,4,2026-09-16T18:00Z,,,,
Q26837896@20260912T23,26837896,Conor Benn,sports,4,2026-09-12T23:00Z,,,,
Q706686@20260914T15,706686,Robert Kraft,human,4,2026-09-14T15:00Z,,,,
Q133852728@20261007T08,133852728,Carrie,other,4,2026-10-07T08:00Z,2026-10-07T20:36:50Z,en,window,-757
Q140570538@20261008T07,140570538,Below,entertainment,4,2026-10-08T07:00Z,,,,
Q97760769@20260911T23,97760769,Trinity Rodman,sports,4,2026-09-11T23:00Z,,,,
Q7531880@20260928T01,7531880,Siti Hasmah Mohamad Ali,death,4,2026-09-28T01:00Z,2026-09-28T03:07:58Z,en,window,-128
Q584735@20260915T10,584735,Les Rita Mitsouko,entertainment,4,2026-09-15T10:00Z,,,,
Q461415@20260926T02,461415,Liu Huan,death,4,2026-09-26T02:00Z,2026-09-26T02:11:22Z,zh,window,-11
Q65053343@20261004T18,65053343,2022 Brazilian general election,other,4,2026-10-04T18:00Z,,,,
Q115632204@20261004T05,115632204,2026 Brazilian presidential election,other,4,2026-10-04T05:00Z,2026-10-04T20:26:33Z,en,window,-927
Q1001@20261001T18,1001,Mahatma Gandhi,human,4,2026-10-01T18:00Z,,,,
Q132661267@20260916T08,132661267,Neagley,entertainment,4,2026-09-16T08:00Z,,,,
Q181383@20260928T02,181383,Mahathir Mohamad,human,4,2026-09-28T02:00Z,,,,
Q59830990@20260921T03,59830990,Lewis Pullman,entertainment,4,2026-09-21T03:00Z,,,,
Q83975602@20261004T16,83975602,2022 Brazilian presidential election,other,4,2026-10-04T16:00Z,,,,
Q896835@20260926T11,896835,Bruno Kramm,death,4,2026-09-26T11:00Z,,,,
Q130342708@20260915T00,130342708,The Beast in Me,entertainment,4,2026-09-15T00:00Z,,,,
Q784586@20260923T22,784586,Authenticity and Modernity Party,politics,4,2026-09-23T22:00Z,,,,
Q137476131@20260918T07,137476131,The Scandal,entertainment,4,2026-09-18T07:00Z,,,,
Q1247068@20261005T09,1247068,,human,4,2026-10-05T09:00Z,2026-10-05T09:59:05Z,fr,window,-59
Q136540069@20260923T08,136540069,The Love Hypothesis,entertainment,4,2026-09-23T08:00Z,,,,
Q115620205@20261003T17,115620205,2026 Latvian parliamentary election,other,4,2026-10-03T17:00Z,2026-10-03T18:17:47Z,en,window,-78
Q6925992@20260920T17,6925992,Mousa Shubairi Zanjani,death,4,2026-09-20T17:00Z,2026-09-20T21:53:25Z,en,window,-293
Q17155237@20260917T12,17155237,Siegfried Mureșan,human,4,2026-09-17T12:00Z,,,,
Q550670@20260917T11,550670,Sergey Tchepikov,death,4,2026-09-17T11:00Z,2026-09-17T13:15:58Z,ru,window,-136
Q135984044@20260915T02,135984044,DTF St. Louis,entertainment,4,2026-09-15T02:00Z,2026-09-15T02:18:15Z,en,window,-18
Q16251517@20260917T21,16251517,Highmark Stadium,other,4,2026-09-17T21:00Z,,,,
Q140743054@20260912T18,140743054,Woman Unknown,entertainment,4,2026-09-12T18:00Z,2026-09-12T18:57:13Z,en,window,-57
Q132592986@20261009T07,132592986,Avatar: Seven Havens,other,4,2026-10-09T07:00Z,2026-10-09T16:22:25Z,en,window,-562
Q40026@20260914T18,40026,Sylvester Stallone,entertainment,4,2026-09-14T18:00Z,,,,
Q139596561@20260925T07,139596561,Unabomber,entertainment,4,2026-09-25T07:00Z,,,,
Q465311@20260912T18,465311,Yuja Wang,entertainment,4,2026-09-12T18:00Z,,,,
Q1341070@20260914T06,1341070,Luděk Mikloško,death,4,2026-09-14T06:00Z,2026-09-14T06:35:59Z,cs,window,-36
Q973136@20260914T15,973136,Oasis discography,other,4,2026-09-14T15:00Z,,,,
Q2054750@20261004T20,2054750,Social Democratic Party,politics,4,2026-10-04T20:00Z,,,,
Q5109030@20260929T00,5109030,,human,4,2026-09-29T00:00Z,,,,
Q3575679@20261008T20,3575679,Zodiac,other,4,2026-10-08T20:00Z,,,,
Q27593@20260911T19,27593,AC/DC,entertainment,4,2026-09-11T19:00Z,,,,
Q17410409@20261005T13,17410409,Emil Audero Mulyadi,sports,4,2026-10-05T13:00Z,,,,
Q1703902@20260921T23,1703902,,death,4,2026-09-21T23:00Z,2026-09-22T00:37:00Z,en,window,-97
Q24450231@20260913T03,24450231,Gervonta Davis,sports,4,2026-09-13T03:00Z,,,,
Q123409527@20260927T17,123409527,Bambasé Conté,sports,4,2026-09-27T17:00Z,,,,
Q200964@20261009T00,200964,Anwar al-Awlaki,human,4,2026-10-09T00:00Z,,,,
Q47447@20260914T15,47447,Ed Sheeran,entertainment,4,2026-09-14T15:00Z,,,,
Q115288326@20260923T14,115288326,,other,4,2026-09-23T14:00Z,,,,
Q738921@20260911T05,738921,Hani Hanjour,human,4,2026-09-11T05:00Z,,,,
Q102341@20260915T02,102341,Farrah Fawcett,entertainment,4,2026-09-15T02:00Z,,,,
Q40504@20261001T05,40504,Jim Carrey,entertainment,4,2026-10-01T05:00Z,,,,
Q288359@20260916T14,288359,Lena Dunham,entertainment,4,2026-09-16T14:00Z,,,,
Q110426807@20261003T17,110426807,Iván Fresneda,sports,4,2026-10-03T17:00Z,,,,
Q230534@20260917T08,230534,Rebecca Hall,entertainment,4,2026-09-17T08:00Z,,,,
Q55102113@20260914T10,55102113,Umar Nazarovich Kremlev,human,4,2026-09-14T10:00Z,,,,
Q40026@20260926T18,40026,Sylvester Stallone,entertainment,4,2026-09-26T18:00Z,,,,
Q106691309@20261005T16,106691309,Cher Ndour,sports,4,2026-10-05T16:00Z,,,,
Q134389640@20260923T06,134389640,2026 Moroccan general election,other,4,2026-09-23T06:00Z,,,,
Q7747@20261006T17,7747,Vladimir Putin,human,4,2026-10-06T17:00Z,,,,
Q1426439@20260913T18,1426439,list of Grand Slam men's singles champions,other,4,2026-09-13T18:00Z,,,,
Q30325337@20261002T01,30325337,murder of Dee Dee Blanchard,other,4,2026-10-02T01:00Z,,,,
Q409455@20260921T07,409455,ibogaine,other,4,2026-09-21T07:00Z,,,,
Q657451@20261005T13,657451,Indonesia men's national football team,other,4,2026-10-05T13:00Z,2026-10-05T16:03:06Z,en,window,-183
Q217519@20261005T10,217519,bubonic plague,other,4,2026-10-05T10:00Z,,,,
Q95030@20260917T18,95030,Warren Beatty,entertainment,4,2026-09-17T18:00Z,,,,
Q51275961@20261003T21,51275961,Benjamin Whittaker,sports,4,2026-10-03T21:00Z,,,,
Q615@20260917T01,615,Lionel Messi,sports,4,2026-09-17T01:00Z,,,,
Q104416379@20260920T06,104416379,,sports,4,2026-09-20T06:00Z,2026-09-20T12:52:00Z,ko,window,-412
Q131411648@20261002T19,131411648,Luigi Mangione,human,4,2026-10-02T19:00Z,,,,
Q2007551@20260923T23,2007551,Richard Harrison,death,4,2026-09-23T23:00Z,,,,
Q3486445@20261002T13,3486445,Skydance Media,organization,4,2026-10-02T13:00Z,,,,
Q113163582@20261003T17,113163582,United List,other,4,2026-10-03T17:00Z,,,,
Q135336407@20261002T20,135336407,Antonio Vergara,sports,4,2026-10-02T20:00Z,,,,
Q20861677@20260911T05,20861677,World Trade Center,other,4,2026-09-11T05:00Z,,,,
Q19867079@20260912T14,19867079,Gabby Williams,sports,4,2026-09-12T14:00Z,,,,
Q134588273@20260915T17,134588273,Other Mommy,entertainment,4,2026-09-15T17:00Z,,,,
Q51670222@20261003T21,51670222,Roman Kopylov,human,4,2026-10-03T21:00Z,,,,
Q2292497@20261007T19,2292497,2001 Linate Airport runway collision,disaster,4,2026-10-07T19:00Z,,,,
Q657089@20261004T19,657089,Workers' Party,politics,4,2026-10-04T19:00Z,,,,
Q1692282@20260911T05,1692282,World Trade Center site,other,4,2026-09-11T05:00Z,,,,
Q111584160@20260920T13,111584160,2023 Berlin state election,other,4,2026-09-20T13:00Z,,,,
Q11235@20260913T06,11235,World Trade Center,other,4,2026-09-13T06:00Z,,,,
Q189226@20260916T00,189226,Amanda Seyfried,entertainment,4,2026-09-16T00:00Z,,,,
Q16238721@20261008T12,16238721,Mackenzie Davis,entertainment,4,2026-10-08T12:00Z,,,,
Q243630@20260910T10,243630,BRICS,other,4,2026-09-10T10:00Z,,,,
Q28220142@20261004T19,28220142,2018 Brazilian general election,other,4,2026-10-04T19:00Z,,,,
Q10564271@20260921T14,10564271,potash,other,4,2026-09-21T14:00Z,,,,
Q295880@20260926T19,295880,Vágner Love,sports,4,2026-09-26T19:00Z,,,,
Q79058092@20260928T18,79058092,Lucas Da Cunha,sports,4,2026-09-28T18:00Z,,,,
Q422296@20261004T12,422296,Prix de l'Arc de Triomphe,other,4,2026-10-04T12:00Z,2026-10-04T14:22:19Z,en,window,-142
Q43932@20260911T19,43932,Angus Young,entertainment,4,2026-09-11T19:00Z,,,,
Q310637@20261009T06,310637,Alexander Skarsgård,entertainment,4,2026-10-09T06:00Z,,,,
Q9696914@20261004T18,9696914,Carlos Bolsonaro,human,4,2026-10-04T18:00Z,,,,
Q1351598@20260928T22,1351598,Gol Transportes Aéreos Flight 1907,disaster,4,2026-09-28T22:00Z,,,,
Q100166431@20261005T13,100166431,Elkan Baggott,sports,4,2026-10-05T13:00Z,,,,
Q162672@20261007T12,162672,Carrie,entertainment,4,2026-10-07T12:00Z,,,,
Q6103469@20260917T20,6103469,Gülsen Tuncer,death,4,2026-09-17T20:00Z,,,,
Q1143138@20260910T10,1143138,Hodge conjecture,other,4,2026-09-10T10:00Z,,,,
Q125826135@20260917T18,125826135,Ilhan Fakili,human,4,2026-09-17T18:00Z,,,,
Q3360565@20260928T20,3360565,Michaelmas,other,4,2026-09-28T20:00Z,,,,
Q34389@20261004T18,34389,Whitney Houston,entertainment,4,2026-10-04T18:00Z,,,,
Q242099@20260917T16,242099,Mukden incident,other,4,2026-09-17T16:00Z,,,,
Q131872896@20261009T06,131872896,Matchbox: The Movie,entertainment,4,2026-10-09T06:00Z,,,,
Q4446583@20261008T09,4446583,Sergei Surovikin,human,4,2026-10-08T09:00Z,,,,
Q318360@20261004T18,318360,list of presidents of Brazil,other,4,2026-10-04T18:00Z,,,,
Q705140@20260921T10,705140,Zhang Youxia,human,4,2026-09-21T10:00Z,,,,
Q22043430@20260913T17,22043430,Enric Mas,sports,4,2026-09-13T17:00Z,,,,
Q1189670@20260928T10,1189670,Scooter Braun,entertainment,4,2026-09-28T10:00Z,,,,
Q1631981@20260915T17,1631981,John F. Kennedy Center for the Performing Arts,organization,4,2026-09-15T17:00Z,,,,
Q19902276@20260926T19,19902276,Tomasz Fornal,human,4,2026-09-26T19:00Z,,,,
Q65238484@20260914T01,65238484,Hyrox,sports,4,2026-09-14T01:00Z,,,,
Q124641586@20260914T05,124641586,Yuval Abraham,entertainment,4,2026-09-14T05:00Z,2026-09-13T05:15:23Z,he,window,1425
Q108392632@20261005T10,108392632,Mayor of Kingstown,entertainment,4,2026-10-05T10:00Z,,,,
Q8044049@20260923T21,8044049,Xi Mingze,human,4,2026-09-23T21:00Z,,,,
Q30248320@20261003T22,30248320,Drew Rasmussen,sports,4,2026-10-03T22:00Z,,,,
Q34424@20261003T19,34424,,entertainment,4,2026-10-03T19:00Z,,,,
Q156397@20260910T15,156397,National Day of Catalonia,other,4,2026-09-10T15:00Z,,,,
Q2964859@20261002T02,2964859,Chris Sale,human,4,2026-10-02T02:00Z,,,,
Q110832@20260913T06,110832,Centre Party,politics,4,2026-09-13T06:00Z,,,,
Q110857@20260913T17,110857,Liberals,politics,4,2026-09-13T17:00Z,,,,
Q929300@20260911T09,929300,Saif al-Adel,human,4,2026-09-11T09:00Z,,,,
Q223139@20261006T23,223139,North by Northwest,entertainment,4,2026-10-06T23:00Z,,,,
Q135336407@20261005T17,135336407,Antonio Vergara,sports,4,2026-10-05T17:00Z,,,,
Q317494@20260911T07,317494,Abdulaziz al-Omari,human,4,2026-09-11T07:00Z,,,,
Q560372@20260920T22,560372,1976 Tehran UFO incident,other,4,2026-09-20T22:00Z,,,,
Q784586@20260929T16,784586,Authenticity and Modernity Party,politics,4,2026-09-29T16:00Z,,,,
Q1129778@20261001T09,1129778,East of Eden,entertainment,4,2026-10-01T09:00Z,,,,
Q61478503@20261003T21,61478503,Johnny Walker,human,4,2026-10-03T21:00Z,,,,
Q1854372@20260913T09,1854372,Solheim Cup,sports,4,2026-09-13T09:00Z,2026-09-13T15:27:48Z,en,window,-388
Q28055433@20260926T19,28055433,Kamil Semeniuk,human,4,2026-09-26T19:00Z,,,,
Q120509822@20260910T19,120509822,Assane Diao,sports,4,2026-09-10T19:00Z,,,,
Q18332247@20260913T18,18332247,2018 Swedish general election,other,4,2026-09-13T18:00Z,,,,
Q23010142@20260923T18,23010142,Matthieu Bailet,human,4,2026-09-23T18:00Z,,,,
Q134346787@20261005T18,134346787,Alessandro Romano,sports,4,2026-10-05T18:00Z,,,,
Q125906881@20261003T22,125906881,Esteban Ribovics,human,4,2026-10-03T22:00Z,,,,
Q192188@20260923T10,192188,Chagos Archipelago,other,4,2026-09-23T10:00Z,,,,
Q964493@20261004T16,964493,Geraldo Alckmin,human,4,2026-10-04T16:00Z,,,,
Q30134278@20260915T20,30134278,Dominik Szoboszlai,sports,4,2026-09-15T20:00Z,,,,
Q63969036@20260924T09,63969036,Robert Moreno,human,4,2026-09-24T09:00Z,,,,
Q326461@20260921T03,326461,27 Club,other,4,2026-09-21T03:00Z,,,,
Q862567@20261005T13,862567,ASEAN Championship,sports,4,2026-10-05T13:00Z,,,,
Q173361@20261004T09,173361,list of Formula One Grand Prix winners,other,4,2026-10-04T09:00Z,,,,
Q642553@20261009T00,642553,Cleveland Guardians,other,4,2026-10-09T00:00Z,,,,
Q211372@20261006T23,211372,On the Waterfront,entertainment,4,2026-10-06T23:00Z,,,,
Q126390739@20260916T13,126390739,The Hunger Games: Sunrise on the Reaping,other,4,2026-09-16T13:00Z,,,,
Q80061@20261005T09,80061,Nobel Prize in Physiology or Medicine,other,4,2026-10-05T09:00Z,,,,
Q44398@20260918T18,44398,Falco,entertainment,4,2026-09-18T18:00Z,,,,
Q185088@20261005T07,185088,People's Party,politics,4,2026-10-05T07:00Z,,,,
Q213654@20260913T18,213654,Christian Democrats,politics,4,2026-09-13T18:00Z,,,,
Q2457783@20261005T07,2457783,Alberto Núñez Feijóo,human,4,2026-10-05T07:00Z,,,,
Q97999586@20261005T19,97999586,Riccardo Calafiori,sports,4,2026-10-05T19:00Z,2026-10-05T20:09:56Z,it,window,-70
Q131402272@20260913T15,131402272,Rachel Szor,entertainment,4,2026-09-13T15:00Z,2026-09-13T04:36:22Z,he,new,624
Q136450447@20260918T17,136450447,Mohamed Ali Zoma,sports,4,2026-09-18T17:00Z,,,,
Q139900369@20261005T14,139900369,Sun Xinran,sports,4,2026-10-05T14:00Z,,,,
Q28108868@20260912T18,28108868,May el-Toukhy,entertainment,4,2026-09-12T18:00Z,,,,
Q327632@20260920T22,327632,International Day of Peace,other,4,2026-09-20T22:00Z,,,,
Q1046677@20260912T18,1046677,BBC Proms,other,4,2026-09-12T18:00Z,,,,
Q107542811@20260918T19,107542811,Valentín Barco,sports,4,2026-09-18T19:00Z,,,,
Q1410684@20260930T12,1410684,Intercession of the Theotokos,other,4,2026-09-30T12:00Z,,,,
Q1365966@20260912T11,1365966,Jeremy Thomas,death,4,2026-09-12T11:00Z,,,,
Q1829@20260929T06,1829,Kaliningrad,place,4,2026-09-29T06:00Z,,,,
Q202589@20260912T06,202589,Cillian Murphy,entertainment,4,2026-09-12T06:00Z,,,,
Q3303830@20260911T13,3303830,Erling Lorentzen,human,4,2026-09-11T13:00Z,,,,
Q35332@20260912T21,35332,Brad Pitt,entertainment,4,2026-09-12T21:00Z,,,,
Q1145566@20260930T22,1145566,National Day of the People's Republic of China,other,4,2026-09-30T22:00Z,,,,
Q40722@20261004T16,40722,Dilma Rousseff,human,4,2026-10-04T16:00Z,,,,
Q99544653@20260924T18,99544653,Thomas van Bommel,sports,4,2026-09-24T18:00Z,,,,
Q123906019@20260916T15,123906019,2026 FIFA U-20 Women's World Cup,sports,4,2026-09-16T15:00Z,2026-09-16T15:12:46Z,es,window,-13
Q56441182@20260917T18,56441182,Kamil Grabara,sports,4,2026-09-17T18:00Z,,,,
Q110616805@20260920T20,110616805,Diego Moreira,sports,4,2026-09-20T20:00Z,,,,
Q43252@20260920T05,43252,Sophia Loren,entertainment,4,2026-09-20T05:00Z,,,,
Q79372882@20260914T08,79372882,Ciryl Gane,human,4,2026-09-14T08:00Z,,,,
Q26509559@20261003T20,26509559,Marvin Vettori,human,4,2026-10-03T20:00Z,,,,
Q138605875@20260923T07,138605875,Football at the 2026 Asian Games – Men's tournament,sports,4,2026-09-23T07:00Z,2026-09-22T07:31:19Z,en,window,1409
Q60791064@20261005T17,60791064,Maarten Vandevoordt,sports,4,2026-10-05T17:00Z,,,,
Q28968069@20260927T18,28968069,Manor Solomon,sports,4,2026-09-27T18:00Z,,,,
Q15630787@20261005T07,15630787,Vox,politics,4,2026-10-05T07:00Z,,,,
Q129243520@20261002T18,129243520,Issa Doumbia,sports,4,2026-10-02T18:00Z,,,,
Q1124@20260911T12,1124,Bill Clinton,human,4,2026-09-11T12:00Z,,,,
Q13865408@20260927T18,13865408,Joshua Kimmich,sports,4,2026-09-27T18:00Z,,,,
Q64759162@20260927T18,64759162,Adam Idah,sports,4,2026-09-27T18:00Z,,,,
Q1288128@20260911T11,1288128,Berry Berenson,entertainment,4,2026-09-11T11:00Z,,,,
Q858734@20260919T04,858734,Superga air disaster,disaster,4,2026-09-19T04:00Z,,,,
Q1204239@20261006T09,1204239,M51,other,4,2026-10-06T09:00Z,,,,
Q65122318@20260919T21,65122318,Edmen Shahbazyan,human,4,2026-09-19T21:00Z,,,,
Q7346@20260923T01,7346,John Coltrane,human,4,2026-09-23T01:00Z,,,,
Q133903@20261004T16,133903,Virgil van Dijk,sports,4,2026-10-04T16:00Z,,,,
Q213451@20260913T18,213451,Green Party,politics,4,2026-09-13T18:00Z,,,,
Q28755@20261002T10,28755,Matthew Broderick,entertainment,4,2026-10-02T10:00Z,,,,
Q22111@20260928T18,22111,Borgomanero,other,4,2026-09-28T18:00Z,,,,
Q518776@20260913T18,518776,Jimmie Åkesson,human,4,2026-09-13T18:00Z,,,,
Q186327@20260928T13,186327,Marilyn Manson,entertainment,4,2026-09-28T13:00Z,,,,
Q113149945@20260913T18,113149945,Dominique Malonga,sports,4,2026-09-13T18:00Z,,,,
Q110616805@20260928T18,110616805,Diego Moreira,sports,4,2026-09-28T18:00Z,,,,
Q1622098@20260912T16,1622098,Tom Kaulitz,entertainment,4,2026-09-12T16:00Z,,,,
Q18510195@20260911T11,18510195,Robert James O'Neill,human,4,2026-09-11T11:00Z,,,,
Q714845@20260925T17,714845,The Edge,entertainment,4,2026-09-25T17:00Z,,,,
Q24084301@20260914T17,24084301,Donyell Malen,sports,4,2026-09-14T17:00Z,,,,
Q335169@20261009T00,335169,Chicago White Sox,other,4,2026-10-09T00:00Z,,,,
Q134798@20261008T11,134798,Haruki Murakami,sports,4,2026-10-08T11:00Z,,,,
Q670390@20260913T15,670390,Manchester derby,sports,4,2026-09-13T15:00Z,,,,
Q256932@20260918T12,256932,Son Ye-jin,entertainment,4,2026-09-18T12:00Z,,,,
Q113704154@20260913T14,113704154,Lamine Yamal,sports,4,2026-09-13T14:00Z,,,,
Q83468@20261009T10,83468,Judas Priest,entertainment,4,2026-10-09T10:00Z,,,,
Q21062597@20261004T23,21062597,Blake Snell,sports,4,2026-10-04T23:00Z,,,,
Q98815671@20261002T18,98815671,Pierre Kalulu,sports,4,2026-10-02T18:00Z,,,,
Q54152908@20260929T06,54152908,An Se-young,human,4,2026-09-29T06:00Z,,,,
Q3251670@20261002T19,3251670,list of association football players with 50 or more international goals,other,4,2026-10-02T19:00Z,,,,
Q239549@20261005T12,239549,Thailand men's national football team,other,4,2026-10-05T12:00Z,,,,
Q27975838@20260912T05,27975838,Alice Weidel,human,4,2026-09-12T05:00Z,,,,
Q1091404@20260917T19,1091404,Vincenzo Italiano,sports,4,2026-09-17T19:00Z,,,,
Q17319645@20261004T08,17319645,George Russell,sports,4,2026-10-04T08:00Z,,,,
Q1235785@20260912T05,1235785,stiff-person syndrome,other,4,2026-09-12T05:00Z,,,,
Q17410409@20260912T18,17410409,Emil Audero Mulyadi,sports,4,2026-09-12T18:00Z,,,,
Q138188406@20261005T20,138188406,2026–27 UEFA Nations League A,sports,4,2026-10-05T20:00Z,2026-10-04T20:53:43Z,en,window,1386
Q547859@20260923T19,547859,Finland men's national volleyball team,other,4,2026-09-23T19:00Z,,,,
Q138605876@20260921T08,138605876,Football at the 2026 Asian Games – Women's tournament,sports,4,2026-09-21T08:00Z,2026-09-21T09:01:58Z,en,window,-62
Q5961540@20261003T20,5961540,Rafael dos Anjos,human,4,2026-10-03T20:00Z,,,,
Q8392@20260928T16,8392,zoophilia,other,4,2026-09-28T16:00Z,,,,
Q37181@20261003T12,37181,Luiz Inácio Lula da Silva,human,4,2026-10-03T12:00Z,,,,
Q64347078@20260913T16,64347078,Iuliia Mendel,human,4,2026-09-13T16:00Z,,,,
Q552395@20261004T18,552395,Ivan Jovanović,sports,4,2026-10-04T18:00Z,,,,
Q47415754@20261004T17,47415754,Claudia Pina,sports,4,2026-10-04T17:00Z,,,,
Q503147@20260914T16,503147,Alisher Usmanov,human,4,2026-09-14T16:00Z,,,,
Q62617279@20261004T18,62617279,Egil Selvik,sports,4,2026-10-04T18:00Z,,,,
Q121297306@20260926T19,121297306,2025 FIVB Volleyball Men's World Championship,sports,4,2026-09-26T19:00Z,,,,
Q98872225@20261003T17,98872225,Fran García,sports,4,2026-10-03T17:00Z,,,,
Q197556@20261005T18,197556,Carlos Alberto Dias,death,4,2026-10-05T18:00Z,,,,
Q110220404@20260926T18,110220404,Marc Pubill,sports,4,2026-09-26T18:00Z,,,,
Q1196075@20260915T05,1196075,Our Lady of Sorrows,other,4,2026-09-15T05:00Z,,,,
Q193368@20260914T20,193368,Ted Turner,human,4,2026-09-14T20:00Z,,,,
Q106950074@20260927T01,106950074,Norma Dumont,human,4,2026-09-27T01:00Z,,,,
Q684138@20260912T14,684138,FIBA Women's Basketball World Cup,other,4,2026-09-12T14:00Z,,,,
Q138198@20261005T07,138198,Spanish Socialist Workers' Party,politics,4,2026-10-05T07:00Z,,,,
Q13560423@20260930T05,13560423,Dove Cameron,entertainment,4,2026-09-30T05:00Z,,,,
Q347262@20260913T13,347262,Ali Carter,human,4,2026-09-13T13:00Z,,,,
Q26972992@20261005T16,26972992,Marcus Edwards,sports,4,2026-10-05T16:00Z,,,,
Q25439042@20260920T11,25439042,Mykola Karpiuk,death,4,2026-09-20T11:00Z,,,,
Q30015253@20260914T18,30015253,Daniel Farke,sports,4,2026-09-14T18:00Z,,,,
Q83410@20261006T22,83410,Cary Grant,entertainment,4,2026-10-06T22:00Z,,,,
Q188973@20260927T14,188973,Cliff Burton,human,4,2026-09-27T14:00Z,,,,
Q1467139@20260923T19,1467139,Italy men's national volleyball team,other,4,2026-09-23T19:00Z,,,,
Q175907@20260925T17,175907,Adam Clayton,entertainment,4,2026-09-25T17:00Z,,,,
Q50048@20261008T23,50048,Herbig–Haro object,other,4,2026-10-08T23:00Z,,,,
Q468114@20260929T18,468114,Sébastien Pocognoli,sports,4,2026-09-29T18:00Z,,,,
Q218636@20260927T10,218636,Rockwell B-1 Lancer,other,4,2026-09-27T10:00Z,,,,
Q188457@20260918T18,188457,Danny Welbeck,sports,4,2026-09-18T18:00Z,,,,
Q55108371@20260928T07,55108371,Robert Brovdi,human,4,2026-09-28T07:00Z,,,,
Q463533@20261004T21,463533,Michel Temer,human,4,2026-10-04T21:00Z,,,,
Q1427413@20261004T21,1427413,RAF Fairford,other,4,2026-10-04T21:00Z,,,,
Q715898@20260925T14,715898,Nikola Grbić,human,4,2026-09-25T14:00Z,,,,
Q56635612@20261004T18,56635612,Jonathan Burkardt,sports,4,2026-10-04T18:00Z,,,,
Q612421@20260926T12,612421,Mister International (Thailand),other,4,2026-09-26T12:00Z,2026-09-26T18:41:42Z,es,window,-402
Q60557@20260924T09,60557,Oksana Chusovitina,human,4,2026-09-24T09:00Z,,,,
Q110616805@20261005T18,110616805,Diego Moreira,sports,4,2026-10-05T18:00Z,,,,
Q178824@20260912T17,178824,Blizzard Entertainment,other,4,2026-09-12T17:00Z,,,,
Q21622022@20260913T21,21622022,Daniil Medvedev,sports,4,2026-09-13T21:00Z,,,,
Q180589@20260913T13,180589,Boris Johnson,entertainment,4,2026-09-13T13:00Z,,,,
Q1475759@20260926T19,1475759,FIVB World Rankings,other,4,2026-09-26T19:00Z,,,,
Q218091@20260912T18,218091,Seal,entertainment,4,2026-09-12T18:00Z,,,,
Q56886154@20260920T03,56886154,Manel Kape,human,4,2026-09-20T03:00Z,,,,
Q3361650@20260926T08,3361650,Noshad Alamian,human,4,2026-09-26T08:00Z,,,,
Q111536418@20261005T19,111536418,Ivan Bašić,sports,4,2026-10-05T19:00Z,,,,
Q122706@20260920T11,122706,Pit Beirer,human,4,2026-09-20T11:00Z,,,,
Q969691@20260912T16,969691,Oluchi Onweagba,entertainment,4,2026-09-12T16:00Z,,,,
Q1823653@20260925T09,1823653,Marinus Wagtmans,death,4,2026-09-25T09:00Z,,,,
Q159159@20261004T14,159159,Andy Carroll,sports,4,2026-10-04T14:00Z,,,,
Q44165@20260912T17,44165,Diablo,other,4,2026-09-12T17:00Z,,,,
Q18739@20260916T16,18739,Sunderland A.F.C.,sports,4,2026-09-16T16:00Z,,,,
Q42267@20260929T18,42267,Spain men's national football team,other,4,2026-09-29T18:00Z,,,,
Q685332@20260911T06,685332,ground zero,other,4,2026-09-11T06:00Z,,,,
Q216708@20260912T23,216708,Liam Gallagher,entertainment,4,2026-09-12T23:00Z,,,,
Q817777@20260922T17,817777,Benjamín Noval,sports,4,2026-09-22T17:00Z,,,,
Q139607401@20260925T18,139607401,Andrea Maldera,human,4,2026-09-25T18:00Z,,,,
Q106358942@20260912T21,106358942,Manon Fiorot,human,4,2026-09-12T21:00Z,,,,
Q7934206@20260923T10,7934206,Ahmed al-Sharaa,human,4,2026-09-23T10:00Z,,,,
Q190608@20260916T13,190608,Rui Costa,sports,4,2026-09-16T13:00Z,,,,
Q50602@20260913T15,50602,Manchester City F.C.,sports,4,2026-09-13T15:00Z,,,,
Q445772@20261007T20,445772,Nikolaj Coster-Waldau,entertainment,4,2026-10-07T20:00Z,,,,
Q21173820@20260927T06,21173820,Tigst Assefa,human,4,2026-09-27T06:00Z,,,,
Q5675594@20260929T21,5675594,Rebeca Grynspan,human,4,2026-09-29T21:00Z,,,,
Q2239218@20260913T12,2239218,,entertainment,4,2026-09-13T12:00Z,,,,
Q8927@20260923T15,8927,Marion Cotillard,entertainment,4,2026-09-23T15:00Z,,,,
Q43605@20260912T22,43605,French Open,other,4,2026-09-12T22:00Z,,,,
Q214514@20261007T10,214514,chirality,other,4,2026-10-07T10:00Z,,,,
Q1128631@20260914T19,1128631,Leeds United F.C.,sports,4,2026-09-14T19:00Z,,,,
Q131706@20260919T13,131706,Maria Theresa of Austria,human,4,2026-09-19T13:00Z,,,,
Q19422@20260916T18,19422,Sergio Canales Madrazo,sports,4,2026-09-16T18:00Z,,,,
Q20880365@20260911T05,20880365,Marcy Borders,human,4,2026-09-11T05:00Z,,,,
Q1154110@20261003T08,1154110,football at the Asian Games,other,4,2026-10-03T08:00Z,,,,
Q8209372@20260929T09,8209372,Dylan Sprouse,entertainment,4,2026-09-29T09:00Z,,,,
Q1709@20260920T15,1709,Schwerin,place,4,2026-09-20T15:00Z,,,,
Q58217@20260926T15,58217,Sergey Lavrov,human,4,2026-09-26T15:00Z,,,,
Q116758847@20260913T05,116758847,Anthropic,organization,4,2026-09-13T05:00Z,,,,
Q136085782@20260911T16,136085782,2026 FIA Formula 3 Championship,sports,4,2026-09-11T16:00Z,,,,
Q108109936@20260920T03,108109936,Tatsuro Taira,human,4,2026-09-20T03:00Z,,,,
Q511856@20261003T12,511856,Nairo Quintana,sports,4,2026-10-03T12:00Z,,,,
Q24945893@20261001T16,24945893,Suwałki Gap,other,4,2026-10-01T16:00Z,,,,
Q127452@20261006T10,127452,Dani Carvajal,sports,4,2026-10-06T10:00Z,,,,
Q130595476@20260924T05,130595476,Gerbera,other,4,2026-09-24T05:00Z,,,,
Q53996595@20260924T17,53996595,Quinten Timber,sports,4,2026-09-24T17:00Z,,,,
Q410179@20261001T03,410179,sodium thiopental,other,4,2026-10-01T03:00Z,,,,
Q85518537@20261006T10,85518537,Carlos Alcaraz,sports,4,2026-10-06T10:00Z,,,,
Q267245@20260924T18,267245,Portugal men's national football team,other,4,2026-09-24T18:00Z,,,,
Q316599@20260922T04,316599,Saint Maurice,human,4,2026-09-22T04:00Z,,,,
Q56247602@20260915T15,56247602,Soufiane Rahimi,sports,4,2026-09-15T15:00Z,,,,
Q78218410@20260919T14,78218410,Pascal Struijk,sports,4,2026-09-19T14:00Z,,,,
Q193041@20260914T16,193041,AFC Champions League Elite,other,4,2026-09-14T16:00Z,,,,
Q83639138@20260918T18,83639138,Igor Thiago,sports,4,2026-09-18T18:00Z,,,,
Q8082@20261002T04,8082,Malaysian Grand Prix,other,4,2026-10-02T04:00Z,,,,
Q55286732@20260914T18,55286732,Noah Okafor,sports,4,2026-09-14T18:00Z,,,,
Q136450447@20260925T19,136450447,Mohamed Ali Zoma,sports,4,2026-09-25T19:00Z,,,,
Q7803464@20260912T18,7803464,Tim Elliott,human,4,2026-09-12T18:00Z,,,,
Q4189526@20260911T19,4189526,Alexander Zverev Sr.,sports,4,2026-09-11T19:00Z,,,,
Q6109517@20260914T04,6109517,Leo XIV,human,4,2026-09-14T04:00Z,,,,
Q17541912@20260913T12,17541912,,human,4,2026-09-13T12:00Z,,,,
Q9685@20260918T18,9685,"Diana, Princess of Wales",human,4,2026-09-18T18:00Z,,,,
Q20830808@20261005T18,20830808,Gianluigi Donnarumma,sports,4,2026-10-05T18:00Z,,,,
Q2654539@20260912T17,2654539,Breanna Stewart,sports,4,2026-09-12T17:00Z,,,,
Q105825572@20260911T16,105825572,Ashlyn Krueger,sports,4,2026-09-11T16:00Z,,,,
Q20994118@20260926T19,20994118,Rodri,sports,4,2026-09-26T19:00Z,,,,
Q56951@20260929T05,56951,Raphael,other,4,2026-09-29T05:00Z,,,,
Q19580@20260913T13,19580,Coventry City F.C.,sports,4,2026-09-13T13:00Z,,,,
Q2954514@20261004T10,2954514,European Road Cycling Championships,other,4,2026-10-04T10:00Z,,,,
Q30@20260910T04,30,United States,other,4,2026-09-10T04:00Z,,,,
Q35073@20260911T11,35073,list of presidents of the United States,other,4,2026-09-11T11:00Z,,,,
Q83224@20260910T11,83224,Battle of Hastings,other,4,2026-09-10T11:00Z,,,,
Q1537037@20260911T23,1537037,Feast of the Holy Name of Mary,other,4,2026-09-11T23:00Z,,,,
Q18357664@20260930T07,18357664,Operation Inherent Resolve,other,4,2026-09-30T07:00Z,,,,
Q239656@20260912T18,239656,Lee Chang-dong,entertainment,4,2026-09-12T18:00Z,,,,
Q24084301@20260919T16,24084301,Donyell Malen,sports,4,2026-09-19T16:00Z,,,,
Q57328@20260927T15,57328,Karl Hermann Frank,human,4,2026-09-27T15:00Z,,,,
Q19611724@20260925T18,19611724,Kocaeli Stadium,other,4,2026-09-25T18:00Z,,,,
Q28123349@20260917T17,28123349,Lizzie,entertainment,4,2026-09-17T17:00Z,,,,
Q26580@20260916T19,26580,Antonio Conte,sports,4,2026-09-16T19:00Z,,,,
Q136130910@20261006T19,136130910,killing of Iryna Zarutska,other,4,2026-10-06T19:00Z,,,,
Q27805413@20260917T18,27805413,Michael Amir Murillo,sports,4,2026-09-17T18:00Z,,,,
Q878@20260910T11,878,United Arab Emirates,other,4,2026-09-10T11:00Z,,,,
Q224@20261003T11,224,Croatia,other,4,2026-10-03T11:00Z,,,,
Q20851003@20261002T18,20851003,Ousmane Dembélé,sports,4,2026-10-02T18:00Z,,,,
Q403@20260927T15,403,Serbia,other,4,2026-09-27T15:00Z,,,,
Q719523@20260916T14,719523,FIFA U-20 Women's World Cup,other,4,2026-09-16T14:00Z,,,,
Q577384@20260923T08,577384,Hansi Flick,sports,4,2026-09-23T08:00Z,,,,
Q42775@20260912T12,42775,Johnny Cash,entertainment,4,2026-09-12T12:00Z,,,,
Q81066@20260922T13,81066,United Nations Secretary-General,other,4,2026-09-22T13:00Z,,,,
Q63969036@20260928T10,63969036,Robert Moreno,human,4,2026-09-28T10:00Z,,,,
Q37079@20260926T17,37079,Tom Cruise,entertainment,4,2026-09-26T17:00Z,,,,
Q23720082@20260910T19,23720082,Julian Faye Lund,sports,4,2026-09-10T19:00Z,,,,
Q173169@20260913T07,173169,Flavio Briatore,human,4,2026-09-13T07:00Z,,,,
Q55286732@20260910T11,55286732,Noah Okafor,sports,4,2026-09-10T11:00Z,,,,
Q1072531@20261008T06,1072531,Can Xue,human,4,2026-10-08T06:00Z,,,,
Q118645253@20260926T18,118645253,Nico O'Reilly,sports,4,2026-09-26T18:00Z,,,,
Q33613@20261008T08,33613,Kramatorsk,place,4,2026-10-08T08:00Z,,,,
Q577384@20260916T20,577384,Hansi Flick,sports,4,2026-09-16T20:00Z,,,,
Q18637676@20260920T02,18637676,Islam Makhachev,human,4,2026-09-20T02:00Z,,,,
Q2531438@20260919T19,2531438,Luis García Plaza,sports,4,2026-09-19T19:00Z,,,,
Q29063246@20261003T05,29063246,2017 Malaysian Grand Prix,other,4,2026-10-03T05:00Z,,,,
Q98100512@20260925T18,98100512,Senne Lammens,sports,4,2026-09-25T18:00Z,,,,
Q107355157@20260913T16,107355157,Gabby Thomas,sports,4,2026-09-13T16:00Z,,,,
Q121903982@20260913T15,121903982,Patrick Dorgu,sports,4,2026-09-13T15:00Z,,,,
Q48226886@20260912T20,48226886,Dan Ige,human,4,2026-09-12T20:00Z,,,,
Q96182871@20261001T18,96182871,Christos Tzolis,sports,4,2026-10-01T18:00Z,,,,
Q19956709@20260926T19,19956709,Dominic Calvert-Lewin,sports,4,2026-09-26T19:00Z,,,,
Q21693199@20260910T19,21693199,Christopher Nkunku,sports,4,2026-09-10T19:00Z,,,,
Q107314093@20261004T07,107314093,Valentin Vacherot,sports,4,2026-10-04T07:00Z,,,,
Q287122@20260911T14,287122,Elisabetta Canalis,entertainment,4,2026-09-11T14:00Z,,,,
Q705525@20260926T12,705525,Peter Thiel,human,4,2026-09-26T12:00Z,,,,
Q544856@20260913T11,544856,Carlos Sainz Jr.,human,4,2026-09-13T11:00Z,,,,
Q60621615@20260916T19,60621615,Gonçalo Ramos,sports,4,2026-09-16T19:00Z,,,,
Q30121860@20261003T05,30121860,Naomi Schiff,human,4,2026-10-03T05:00Z,,,,
Q79983@20260920T14,79983,José Mourinho,sports,4,2026-09-20T14:00Z,,,,
Q483027@20261005T18,483027,Paolo Maldini,sports,4,2026-10-05T18:00Z,,,,
Q813@20260916T07,813,Kyrgyzstan,other,4,2026-09-16T07:00Z,,,,
Q1314@20260921T04,1314,autumn,other,4,2026-09-21T04:00Z,,,,
Q489107@20260926T18,489107,Slaven Bilić,sports,4,2026-09-26T18:00Z,,,,
Q17274709@20261002T18,17274709,Mike Maignan,sports,4,2026-10-02T18:00Z,,,,
Q227@20260924T08,227,Azerbaijan,other,4,2026-09-24T08:00Z,,,,
Q172863@20260913T12,172863,list of Formula One World Drivers' Champions,other,4,2026-09-13T12:00Z,,,,
Q27469970@20261003T18,27469970,Robin Le Normand,sports,4,2026-10-03T18:00Z,,,,
Q8072990@20261006T17,8072990,Zlatko Dalić,sports,4,2026-10-06T17:00Z,,,,
Q386419@20260914T15,386419,Knebworth,other,4,2026-09-14T15:00Z,,,,
Q24663923@20261007T00,24663923,Edwin Díaz,human,4,2026-10-07T00:00Z,,,,
Q112418644@20261001T19,112418644,Andrews Tetteh,sports,4,2026-10-01T19:00Z,,,,
Q173139@20260920T18,173139,George Weah,sports,4,2026-09-20T18:00Z,,,,
Q390711@20261002T18,390711,Şükrü Ersoy,death,4,2026-10-02T18:00Z,,,,
Q19771@20260923T15,19771,G20,other,4,2026-09-23T15:00Z,,,,
Q392@20260925T15,392,Bob Dylan,entertainment,4,2026-09-25T15:00Z,,,,
Q1631106@20260916T16,1631106,Poland men's national volleyball team,other,4,2026-09-16T16:00Z,,,,
Q7407@20260925T13,7407,Andre Agassi,sports,4,2026-09-25T13:00Z,,,,
Q131459650@20260917T13,131459650,Monster: The Ed Gein Story,other,4,2026-09-17T13:00Z,,,,
Q113548256@20260926T12,113548256,Learner Tien,sports,4,2026-09-26T12:00Z,,,,
Q56810114@20261002T18,56810114,Nicolò Fagioli,sports,4,2026-10-02T18:00Z,,,,
Q18741@20260919T12,18741,Tottenham Hotspur F.C.,sports,4,2026-09-19T12:00Z,,,,
Q18739@20260920T13,18739,Sunderland A.F.C.,sports,4,2026-09-20T13:00Z,,,,
Q43381082@20260917T19,43381082,Nicolás González,sports,4,2026-09-17T19:00Z,,,,
Q106882153@20260926T19,106882153,Zeki Amdouni,sports,4,2026-09-26T19:00Z,,,,
Q713895@20261004T18,713895,Dušan Tadić,sports,4,2026-10-04T18:00Z,,,,
Q106882153@20260929T18,106882153,Zeki Amdouni,sports,4,2026-09-29T18:00Z,,,,
Q38799@20261007T05,38799,Hamas,other,4,2026-10-07T05:00Z,,,,
Q98784065@20260918T20,98784065,Ismael Saibari,sports,4,2026-09-18T20:00Z,,,,
Q110278664@20260915T18,110278664,Martín Anselmi,human,4,2026-09-15T18:00Z,,,,
Q22690@20260927T07,22690,Metz,place,4,2026-09-27T07:00Z,,,,
Q139607401@20260928T15,139607401,Andrea Maldera,human,4,2026-09-28T15:00Z,,,,
Q62960177@20261002T19,62960177,Eduardo Camavinga,sports,4,2026-10-02T19:00Z,,,,
Q191111@20260929T13,191111,Tupolev Tu-160,other,4,2026-09-29T13:00Z,,,,
Q244380@20261009T05,244380,Denis of Paris,human,4,2026-10-09T05:00Z,,,,
Q3572699@20260923T22,3572699,Yoshua Bengio,human,4,2026-09-23T22:00Z,,,,
Q47365@20260919T12,47365,Marie Antoinette,human,4,2026-09-19T12:00Z,,,,
Q53536@20260916T18,53536,Federal Reserve System,other,4,2026-09-16T18:00Z,,,,
Q111698612@20260913T18,111698612,Angel Reese,sports,4,2026-09-13T18:00Z,,,,
Q1749@20260930T07,1749,Kaliningrad Oblast,other,4,2026-09-30T07:00Z,,,,
Q719523@20260911T15,719523,FIFA U-20 Women's World Cup,other,4,2026-09-11T15:00Z,,,,
Q709483@20260925T16,709483,Michael Barry,sports,4,2026-09-25T16:00Z,,,,
Q419947@20260922T10,419947,China women's national volleyball team,other,4,2026-09-22T10:00Z,,,,
Q130301496@20260916T19,130301496,Yassir Zabiri,sports,4,2026-09-16T19:00Z,,,,
Q235100@20260912T06,235100,Linda Kozlowski,entertainment,4,2026-09-12T06:00Z,,,,
Q14327453@20260910T19,14327453,Youri Tielemans,sports,4,2026-09-10T19:00Z,,,,
Q57415806@20260925T20,57415806,Altay Bayındır,sports,4,2026-09-25T20:00Z,,,,
Q132041727@20260910T17,132041727,Gleiker Mendoza,sports,4,2026-09-10T17:00Z,,,,
Q173491@20261009T09,173491,Tamil,other,4,2026-10-09T09:00Z,,,,
Q166776@20261002T18,166776,Belgium men's national football team,other,4,2026-10-02T18:00Z,,,,
Q850292@20260913T12,850292,Grand Prix motorcycle racing,other,4,2026-09-13T12:00Z,,,,
Q27889974@20260910T19,27889974,Moise Kean,sports,4,2026-09-10T19:00Z,,,,
Q17708794@20260913T18,17708794,Chelsea Gray,sports,4,2026-09-13T18:00Z,,,,
Q24231840@20260927T18,24231840,Vangelis Pavlidis,sports,4,2026-09-27T18:00Z,,,,
Q103979811@20260928T18,103979811,Yasin Ayari,sports,4,2026-09-28T18:00Z,,,,
Q78469@20260920T12,78469,Romy Schneider,entertainment,4,2026-09-20T12:00Z,,,,
Q108649714@20260925T20,108649714,Roméo Lavia,sports,4,2026-09-25T20:00Z,,,,
Q240783@20260916T16,240783,AC Omonia,sports,4,2026-09-16T16:00Z,,,,
Q15081905@20260915T20,15081905,Thomas Lemar,sports,4,2026-09-15T20:00Z,,,,
Q415740@20260929T06,415740,Akane Yamaguchi,human,4,2026-09-29T06:00Z,,,,
Q6757714@20260916T18,6757714,Marco Silva,sports,4,2026-09-16T18:00Z,,,,
Q214374@20260917T18,214374,Lillestrøm SK,sports,4,2026-09-17T18:00Z,,,,
Q1048665@20260920T09,1048665,basketball at the Asian Games,other,4,2026-09-20T09:00Z,,,,
Q1214829@20260927T17,1214829,Debrecen Stadion,other,4,2026-09-27T17:00Z,,,,
Q81453998@20261004T10,81453998,Jack Doohan,sports,4,2026-10-04T10:00Z,,,,
Q59490@20260924T18,59490,Serge Gnabry,sports,4,2026-09-24T18:00Z,,,,
Q190114@20260929T20,190114,Lockheed SR-71 Blackbird,other,4,2026-09-29T20:00Z,,,,
Q150782@20260910T02,150782,Empress Elisabeth of Austria,human,4,2026-09-10T02:00Z,,,,
Q1683326@20260921T10,1683326,Japan women's national volleyball team,other,4,2026-09-21T10:00Z,,,,
Q56448393@20260919T09,56448393,2030 Asian Games,other,4,2026-09-19T09:00Z,,,,
Q877918@20260910T19,877918,Dino Toppmöller,sports,4,2026-09-10T19:00Z,,,,
Q150782@20260919T16,150782,Empress Elisabeth of Austria,human,4,2026-09-19T16:00Z,,,,
Q35831063@20260913T15,35831063,Matheus Cunha,sports,4,2026-09-13T15:00Z,,,,
Q2926833@20260917T19,2926833,Bruno Génésio,sports,4,2026-09-17T19:00Z,,,,
Q508711@20261002T18,508711,Didier Deschamps,sports,4,2026-10-02T18:00Z,,,,
Q2704425@20260925T18,2704425,Andrea Giani,human,4,2026-09-25T18:00Z,,,,
Q15789@20260910T19,15789,FC Bayern Munich,sports,4,2026-09-10T19:00Z,,,,
Q1785131@20260914T18,1785131,Kosta Runjaić,sports,4,2026-09-14T18:00Z,,,,
Q701297@20260929T18,701297,Mateo Kovačić,sports,4,2026-09-29T18:00Z,,,,
Q213@20261003T18,213,Czech Republic,other,4,2026-10-03T18:00Z,,,,
Q210491@20260919T16,210491,Cristian Chivu,sports,4,2026-09-19T16:00Z,,,,
Q2254875@20260911T11,2254875,Betty Ong,human,4,2026-09-11T11:00Z,,,,
Q46372260@20260928T11,46372260,Darwin Núñez,sports,4,2026-09-28T11:00Z,,,,
Q22082505@20260929T18,22082505,Marc Hagit Cucurella,sports,4,2026-09-29T18:00Z,,,,
Q554315@20260912T01,554315,Taylor Kinney,entertainment,4,2026-09-12T01:00Z,,,,
Q3855340@20260926T18,3855340,Aymeric Laporte,sports,4,2026-09-26T18:00Z,,,,
Q787993@20260912T16,787993,United States women's national basketball team,other,4,2026-09-12T16:00Z,,,,
Q465589@20260910T07,465589,Hamida Djandoubi,human,4,2026-09-10T07:00Z,,,,
Q179773@20260912T16,179773,Pedro,sports,4,2026-09-12T16:00Z,,,,
Q115109546@20260920T09,115109546,Máximo Quiles,human,4,2026-09-20T09:00Z,,,,
Q59306386@20260926T19,59306386,Bukayo Saka,sports,4,2026-09-26T19:00Z,,,,
Q217@20261003T08,217,Moldova,other,4,2026-10-03T08:00Z,,,,
Q21226404@20260924T17,21226404,Julian Nagelsmann,sports,4,2026-09-24T17:00Z,,,,
Q1122715@20260913T14,1122715,Estadi Ciutat de València,other,4,2026-09-13T14:00Z,,,,
Q122662304@20260911T18,122662304,Masai Russell,sports,4,2026-09-11T18:00Z,,,,
Q7742@20260919T15,7742,Louis XIV of France,entertainment,4,2026-09-19T15:00Z,,,,
Q180825@20261004T18,180825,FIFA World Rankings,other,4,2026-10-04T18:00Z,,,,
Q1755683@20260910T16,1755683,Nathan Aké,sports,4,2026-09-10T16:00Z,,,,
Q204342@20260923T23,204342,USS Enterprise,other,4,2026-09-23T23:00Z,,,,
Q107352615@20260928T18,107352615,Barış Alper Yılmaz,sports,4,2026-09-28T18:00Z,,,,
Q68607008@20260925T18,68607008,Charles De Ketelaere,sports,4,2026-09-25T18:00Z,,,,
Q119237165@20260925T18,119237165,Francesco Pio Esposito,sports,4,2026-09-25T18:00Z,,,,
Q122260202@20260910T18,122260202,Andrija Maksimović,sports,4,2026-09-10T18:00Z,,,,
Q26416429@20261004T14,26416429,Liudmila Samsonova,sports,4,2026-10-04T14:00Z,,,,
Q22082590@20260919T16,22082590,Nahuel Molina,sports,4,2026-09-19T16:00Z,,,,
Q5194@20260924T10,5194,tardigrade,other,4,2026-09-24T10:00Z,,,,
Q29963119@20261003T18,29963119,Alex Král,sports,4,2026-10-03T18:00Z,,,,
Q118473161@20260929T18,118473161,Pau Cubarsí,sports,4,2026-09-29T18:00Z,,,,
Q180825@20260925T18,180825,FIFA World Rankings,other,4,2026-09-25T18:00Z,,,,
Q295610@20260919T11,295610,Unai Emery,sports,4,2026-09-19T11:00Z,,,,
Q113661683@20260912T17,113661683,Hana Moll,sports,4,2026-09-12T17:00Z,,,,
Q90005@20260913T11,90005,Toto Wolff,human,4,2026-09-13T11:00Z,,,,
Q828458@20260928T04,828458,MS Estonia,disaster,4,2026-09-28T04:00Z,,,,
Q260858@20260924T18,260858,UEFA European Championship,other,4,2026-09-24T18:00Z,,,,
Q116679965@20260926T20,116679965,Ignacio Buse,sports,4,2026-09-26T20:00Z,,,,
Q2634633@20260915T16,2634633,Wilfredo Leon,human,4,2026-09-15T16:00Z,,,,
Q60238030@20261008T12,60238030,Dalibor Svrčina,sports,4,2026-10-08T12:00Z,,,,
Q314856@20260925T18,314856,,death,4,2026-09-25T18:00Z,,,,
Q115109546@20260913T09,115109546,Máximo Quiles,human,4,2026-09-13T09:00Z,,,,
Q130198998@20260911T18,130198998,Ja'Kobe Tharp,sports,4,2026-09-11T18:00Z,,,,
Q5665140@20260924T19,5665140,Alejandro José Hernández Hernández,human,4,2026-09-24T19:00Z,,,,
Q51056@20260919T19,51056,Franz Joseph I of Austria,human,4,2026-09-19T19:00Z,,,,
Q54109@20260911T12,54109,United States Capitol,other,4,2026-09-11T12:00Z,,,,
Q232104@20261009T17,232104,Kerry Washington,entertainment,4,2026-10-09T17:00Z,,,,
Q45034698@20261001T19,45034698,Mikkel Damsgaard,sports,4,2026-10-01T19:00Z,,,,
Q183492@20261008T11,183492,Margaret Atwood,human,4,2026-10-08T11:00Z,,,,
Q1631981@20260917T21,1631981,John F. Kennedy Center for the Performing Arts,organization,4,2026-09-17T21:00Z,,,,
Q1013528@20260918T18,1013528,Brentford,other,4,2026-09-18T18:00Z,,,,
Q357984@20260925T18,357984,Kevin De Bruyne,sports,4,2026-09-25T18:00Z,,,,
Q39500352@20261001T19,39500352,Tijjani Reijnders,sports,4,2026-10-01T19:00Z,,,,
Q244413@20260927T06,244413,Vincent de Paul,human,4,2026-09-27T06:00Z,,,,
Q3052471@20260910T15,3052471,Emma Meesseman,sports,4,2026-09-10T15:00Z,,,,
Q96396963@20261004T18,96396963,Nuno Mendes,sports,4,2026-10-04T18:00Z,,,,
Q86312@20260911T15,86312,Rani Khedira,sports,4,2026-09-11T15:00Z,,,,
Q44513@20260926T08,44513,Willy Sagnol,sports,4,2026-09-26T08:00Z,,,,
Q21195147@20260929T18,21195147,Mikel Oyarzabal,sports,4,2026-09-29T18:00Z,,,,
Q4522047@20260912T22,4522047,Valentina Shevchenko,sports,4,2026-09-12T22:00Z,,,,
Q10858737@20260912T13,10858737,MotoGP,other,4,2026-09-12T13:00Z,,,,
Q80823@20260922T17,80823,Anne Boleyn,entertainment,4,2026-09-22T17:00Z,,,,
Q208436@20260915T19,208436,Martín Palermo,sports,4,2026-09-15T19:00Z,,,,
Q213864@20260914T18,213864,Paul Walker,entertainment,4,2026-09-14T18:00Z,,,,
Q1387710@20260915T15,1387710,F.C. Südtirol,sports,4,2026-09-15T15:00Z,,,,
Q121287737@20261001T00,121287737,Tales of the Teenage Mutant Ninja Turtles,other,4,2026-10-01T00:00Z,,,,
Q261534@20260928T10,261534,Diego Forlán,sports,4,2026-09-28T10:00Z,,,,
Q20435178@20260917T18,20435178,Alexander Nübel,sports,4,2026-09-17T18:00Z,,,,
Q118799181@20260925T18,118799181,Can Uzun,sports,4,2026-09-25T18:00Z,,,,
Q98431212@20261001T18,98431212,Đorđe Petrović,sports,4,2026-10-01T18:00Z,,,,
Q21634600@20261004T06,21634600,Frédéric Vasseur,human,4,2026-10-04T06:00Z,,,,
Q66058411@20260919T19,66058411,Félix Correia,sports,4,2026-09-19T19:00Z,,,,
Q16724213@20260916T20,16724213,Roman Yaremchuk,sports,4,2026-09-16T20:00Z,,,,
Q31871265@20260917T19,31871265,Timothy Weah,sports,4,2026-09-17T19:00Z,,,,
Q74051767@20260919T15,74051767,Georginio Rutter,sports,4,2026-09-19T15:00Z,,,,
Q6737@20261002T18,6737,Castellammare di Stabia,place,4,2026-10-02T18:00Z,,,,
Q187@20261002T18,187,Il Canto degli Italiani,other,4,2026-10-02T18:00Z,,,,
Q17319645@20260913T14,17319645,George Russell,sports,4,2026-09-13T14:00Z,,,,
Q172476@20260930T09,172476,FC Girondins de Bordeaux,sports,4,2026-09-30T09:00Z,,,,
Q180825@20261001T12,180825,FIFA World Rankings,other,4,2026-10-01T12:00Z,,,,
Q102347123@20260920T10,102347123,Izan Guevara,human,4,2026-09-20T10:00Z,,,,
Q1141292@20261001T18,1141292,Toumba Stadium,other,4,2026-10-01T18:00Z,,,,
Q60676610@20260926T20,60676610,Brandon Nakashima,sports,4,2026-09-26T20:00Z,,,,
Q13603535@20260920T18,13603535,World Road Cycling Championships - Men RR,other,4,2026-09-20T18:00Z,,,,
Q34366@20261002T14,34366,Tasmania,other,4,2026-10-02T14:00Z,,,,
Q7407@20261003T13,7407,Andre Agassi,sports,4,2026-10-03T13:00Z,,,,
Q17660516@20260925T19,17660516,Taylor Fritz,sports,4,2026-09-25T19:00Z,,,,
Q29246384@20260925T19,29246384,Antoine Brizard,human,4,2026-09-25T19:00Z,,,,
Q216569@20261008T21,216569,Roy Scheider,sports,4,2026-10-08T21:00Z,,,,
Q172845@20260919T22,172845,Gilles Villeneuve,human,4,2026-09-19T22:00Z,,,,
Q3855340@20261006T18,3855340,Aymeric Laporte,sports,4,2026-10-06T18:00Z,,,,
Q139607401@20261002T18,139607401,Andrea Maldera,human,4,2026-10-02T18:00Z,,,,
Q155635@20260923T11,155635,Mil Mi-8,other,4,2026-09-23T11:00Z,,,,
Q3176989@20260926T18,3176989,Jenia Grebennikov,human,4,2026-09-26T18:00Z,,,,
Q15673000@20260927T15,15673000,Sergej Milinković-Savić,sports,4,2026-09-27T15:00Z,,,,
Q20994118@20260929T20,20994118,Rodri,sports,4,2026-09-29T20:00Z,,,,
Q106099213@20261004T18,106099213,Andreas Schjelderup,sports,4,2026-10-04T18:00Z,,,,
Q98100512@20261002T19,98100512,Senne Lammens,sports,4,2026-10-02T19:00Z,,,,
Q125826135@20261002T20,125826135,Ilhan Fakili,human,4,2026-10-02T20:00Z,,,,
Q139607401@20261005T18,139607401,Andrea Maldera,human,4,2026-10-05T18:00Z,,,,
Q36268@20260919T11,36268,Brigitte Bardot,entertainment,4,2026-09-19T11:00Z,,,,
Q116918822@20261006T15,116918822,Jarno Widar,sports,4,2026-10-06T15:00Z,,,,
Q296350@20261005T18,296350,Cesare Maldini,sports,4,2026-10-05T18:00Z,,,,
Q41180@20261002T18,41180,La Marseillaise,other,4,2026-10-02T18:00Z,,,,
Q112970825@20261001T18,112970825,Adam Daghim,sports,4,2026-10-01T18:00Z,,,,
Q3046479@20260925T19,3046479,Earvin Ngapeth,entertainment,4,2026-09-25T19:00Z,,,,
Q986@20261003T13,986,Eritrea,other,4,2026-10-03T13:00Z,,,,
Q106099213@20260927T18,106099213,Andreas Schjelderup,sports,4,2026-09-27T18:00Z,,,,
Q19560313@20261003T19,19560313,Dani Olmo,sports,4,2026-10-03T19:00Z,,,,
Q3126626@20260911T09,3126626,Hamza bin Laden,human,4,2026-09-11T09:00Z,,,,
Q18066870@20260910T19,18066870,Patrick Berg,sports,4,2026-09-10T19:00Z,,,,
Q118799181@20260928T18,118799181,Can Uzun,sports,4,2026-09-28T18:00Z,,,,
Q28933132@20261004T20,28933132,Jørgen Strand Larsen,sports,4,2026-10-04T20:00Z,,,,
Q455462@20260920T14,455462,Antoine Griezmann,sports,4,2026-09-20T14:00Z,,,,
Q169963@20261004T11,169963,Jason Statham,sports,4,2026-10-04T11:00Z,,,,
Q3846438@20260925T18,3846438,Marco Rossi,sports,4,2026-09-25T18:00Z,,,,
Q170403@20260925T18,170403,Ukraine men's national football team,other,4,2026-09-25T18:00Z,,,,
Q841384@20261006T18,841384,Stadion Poljud,other,4,2026-10-06T18:00Z,,,,
Q62900@20260926T12,62900,Bernd Mayländer,human,4,2026-09-26T12:00Z,,,,
Q27919903@20261003T18,27919903,Ladislav Krejčí,sports,4,2026-10-03T18:00Z,,,,
Q125376751@20261006T19,125376751,Johan Manzambi,sports,4,2026-10-06T19:00Z,,,,
Q117041294@20260925T20,117041294,Matias Fernandez-Pardo,sports,4,2026-09-25T20:00Z,,,,
Q26397318@20260912T17,26397318,Miltiadis Tentoglou,human,4,2026-09-12T17:00Z,,,,
Q482764@20260930T19,482764,Al-Nassr,sports,4,2026-09-30T19:00Z,,,,
Q73400656@20260929T19,73400656,Joško Gvardiol,sports,4,2026-09-29T19:00Z,,,,
Q275429@20260919T18,275429,Ramón Sánchez Pizjuán Stadium,other,4,2026-09-19T18:00Z,,,,
Q21622022@20260929T12,21622022,Daniil Medvedev,sports,4,2026-09-29T12:00Z,,,,
Q13990552@20261004T11,13990552,,sports,4,2026-10-04T11:00Z,,,,
Q9685@20260920T18,9685,"Diana, Princess of Wales",human,4,2026-09-20T18:00Z,,,,
Q18157457@20260927T19,18157457,Kristoffer Ajer,sports,4,2026-09-27T19:00Z,,,,
Q20675980@20260927T18,20675980,Sander Berge,sports,4,2026-09-27T18:00Z,,,,
Q48525779@20260925T19,48525779,Nicolas Raskin,sports,4,2026-09-25T19:00Z,,,,
Q17466583@20261006T08,17466583,Naomi Osaka,sports,4,2026-10-06T08:00Z,,,,
Q8072990@20260929T18,8072990,Zlatko Dalić,sports,4,2026-09-29T18:00Z,,,,
Q116679404@20260924T16,116679404,Isabella Holmgren,sports,4,2026-09-24T16:00Z,,,,
Q2034783@20260910T15,2034783,Belgium women's national basketball team,other,4,2026-09-10T15:00Z,,,,
Q107365@20260910T19,107365,Manuel Neuer,sports,4,2026-09-10T19:00Z,,,,
Q455291@20260927T18,455291,Ståle Solbakken,sports,4,2026-09-27T18:00Z,,,,
Q55108591@20260912T18,55108591,Giorgi Tsitaishvili,sports,4,2026-09-12T18:00Z,,,,
Q6107@20260913T07,6107,Tupac Shakur,entertainment,4,2026-09-13T07:00Z,,,,
Q47015355@20260910T17,47015355,Lassina Traoré,sports,4,2026-09-10T17:00Z,,,,
Q16236859@20260920T19,16236859,Clément Lenglet,sports,4,2026-09-20T19:00Z,,,,
Q9008053@20260916T19,9008053,Imanol Alguacil,sports,4,2026-09-16T19:00Z,,,,
Q61439485@20261003T19,61439485,Dan Ndoye,sports,4,2026-10-03T19:00Z,,,,
Q917319@20260917T19,917319,Torres Vedras,other,4,2026-09-17T19:00Z,,,,
Q20090225@20261002T20,20090225,Nicolò Barella,sports,4,2026-10-02T20:00Z,,,,
Q113013063@20260927T17,113013063,Isaac del Toro,sports,4,2026-09-27T17:00Z,,,,
Q107094087@20260925T18,107094087,Nathan Ngoy,sports,4,2026-09-25T18:00Z,,,,
Q125695254@20260917T19,125695254,Ondrej Kričfaluši,sports,4,2026-09-17T19:00Z,,,,
Q18126401@20260926T14,18126401,Lotte Kopecky,sports,4,2026-09-26T14:00Z,,,,
Q455291@20261004T19,455291,Ståle Solbakken,sports,4,2026-10-04T19:00Z,,,,
Q15713449@20260927T17,15713449,Wout van Aert,sports,4,2026-09-27T17:00Z,,,,
Q211204@20260913T11,211204,Carlos Sainz,human,4,2026-09-13T11:00Z,,,,
Q16236952@20261004T19,16236952,João Palhinha,sports,4,2026-10-04T19:00Z,,,,
Q135837@20260927T19,135837,,other,4,2026-09-27T19:00Z,,,,
Q111095892@20260920T10,111095892,David Alonso,human,4,2026-09-20T10:00Z,,,,
Q358133@20260926T17,358133,Taylor Phinney,sports,4,2026-09-26T17:00Z,,,,
Q821646@20260916T19,821646,Stefan Ortega,sports,4,2026-09-16T19:00Z,,,,
Q124911780@20260912T20,124911780,Rayane Belaid,sports,4,2026-09-12T20:00Z,,,,
Q30330390@20260927T20,30330390,Leo Østigård,sports,4,2026-09-27T20:00Z,,,,
Q13205@20261005T18,13205,Stade de France,other,4,2026-10-05T18:00Z,,,,
Q26965570@20260925T19,26965570,Salih Özcan,sports,4,2026-09-25T19:00Z,,,,
Q25396@20260928T21,25396,Bonaire,other,4,2026-09-28T21:00Z,,,,
Q1734@20260920T15,1734,volleyball,other,4,2026-09-20T15:00Z,,,,
Q857294@20260913T14,857294,Levante,other,4,2026-09-13T14:00Z,,,,
Q271574@20261003T18,271574,Real Oviedo,sports,4,2026-10-03T18:00Z,,,,
Q121943745@20260913T14,121943745,Gerard Martín,sports,4,2026-09-13T14:00Z,,,,
Q362389@20260913T17,362389,Patrik Sjöberg,sports,4,2026-09-13T17:00Z,,,,
Q44077@20260913T17,44077,Jessica Alba,entertainment,4,2026-09-13T17:00Z,,,,
Q122454045@20260924T16,122454045,Viktória Chladoňová,sports,4,2026-09-24T16:00Z,,,,
Q1359104@20260913T12,1359104,Grand Prix de Fourmies,other,4,2026-09-13T12:00Z,,,,
Q97441426@20261009T18,97441426,Samú Costa,sports,4,2026-10-09T18:00Z,,,,
Q208410@20260913T18,208410,list of world records in athletics,other,4,2026-09-13T18:00Z,,,,
Q63349551@20260920T14,63349551,Franziska Koch,sports,4,2026-09-20T14:00Z,,,,
Q34424@20260918T01,34424,,entertainment,4,2026-09-18T01:00Z,,,,
Q3590372@20260921T19,3590372,Serbia men's national volleyball team,other,4,2026-09-21T19:00Z,,,,
Q952193@20260924T16,952193,The Conjugal Bed,entertainment,4,2026-09-24T16:00Z,,,,
Q134750@20260920T13,134750,St. Lawrence River,other,4,2026-09-20T13:00Z,,,,
Q19668417@20261007T18,19668417,Mike Flanagan,entertainment,4,2026-10-07T18:00Z,,,,
Q1347804@20260913T11,1347804,Misano World Circuit Marco Simoncelli,other,4,2026-09-13T11:00Z,,,,
Q296350@20260925T20,296350,Cesare Maldini,sports,4,2026-09-25T20:00Z,,,,
Q105477844@20260917T20,105477844,Fabio Miretti,sports,4,2026-09-17T20:00Z,,,,
Q26206919@20261004T13,26206919,Pavel Sivakov,sports,4,2026-10-04T13:00Z,,,,
Q73303584@20260925T19,73303584,Théo Faure,human,4,2026-09-25T19:00Z,,,,
Q68607008@20261002T19,68607008,Charles De Ketelaere,sports,4,2026-10-02T19:00Z,,,,
Q98090130@20260917T19,98090130,Nikolas Polster,sports,4,2026-09-17T19:00Z,,,,
Q271454@20261004T18,271454,Estádio do Dragão,other,4,2026-10-04T18:00Z,,,,
Q64008826@20260930T12,64008826,Elsa Jacquemot,sports,4,2026-09-30T12:00Z,,,,
Q26385193@20260924T20,26385193,Guus Til,sports,4,2026-09-24T20:00Z,,,,
Q1042@20260926T16,1042,Seychelles,other,4,2026-09-26T16:00Z,,,,
Q11572@20261001T00,11572,Avatar: The Last Airbender,other,4,2026-10-01T00:00Z,,,,
Q8717@20260919T19,8717,Seville,other,4,2026-09-19T19:00Z,,,,
Q18066870@20261004T19,18066870,Patrick Berg,sports,4,2026-10-04T19:00Z,,,,
Q185093@20260929T18,185093,Jesús Navas,sports,4,2026-09-29T18:00Z,,,,
Q9248@20260924T11,9248,Baku,place,4,2026-09-24T11:00Z,,,,
Q702455@20260927T19,702455,RB Leipzig,sports,4,2026-09-27T19:00Z,,,,
Q102228055@20260927T12,102228055,Jakub Menšík,sports,4,2026-09-27T12:00Z,,,,
Q908870@20260913T11,908870,San Marino and Rimini Riviera motorcycle Grand Prix,other,4,2026-09-13T11:00Z,,,,
Q1573456@20260920T12,1573456,Red Bull KTM Factory Racing,other,4,2026-09-20T12:00Z,,,,
Q547859@20260920T15,547859,Finland men's national volleyball team,other,4,2026-09-20T15:00Z,,,,
Q303@20261003T19,303,Elvis Presley,entertainment,4,2026-10-03T19:00Z,,,,
Q1450705@20260922T13,1450705,France men's national volleyball team,other,4,2026-09-22T13:00Z,,,,
Q8810@20260912T13,8810,Granada,other,4,2026-09-12T13:00Z,,,,
Q168724@20260913T13,168724,Emma Thompson,entertainment,4,2026-09-13T13:00Z,,,,
Q161049@20261004T18,161049,A Portuguesa,other,4,2026-10-04T18:00Z,,,,
Q60807605@20260927T13,60807605,Biniam Girmay,sports,4,2026-09-27T13:00Z,,,,
Q187@20260913T14,187,Il Canto degli Italiani,other,4,2026-09-13T14:00Z,,,,
Q15521306@20261004T19,15521306,Bernardo Silva,sports,4,2026-10-04T19:00Z,,,,
Q8780@20260918T19,8780,RCD Espanyol de Barcelona,sports,4,2026-09-18T19:00Z,,,,
Q55669158@20260927T19,55669158,Mauro Schmid,sports,4,2026-09-27T19:00Z,,,,
Q230@20260928T15,230,Georgia,other,4,2026-09-28T15:00Z,,,,
Q118521408@20260920T09,118521408,Pan Zhanle,human,4,2026-09-20T09:00Z,,,,
Q17486599@20261004T20,17486599,Rúben Neves,sports,4,2026-10-04T20:00Z,,,,
Q121535913@20260929T20,121535913,Franjo Ivanović,sports,4,2026-09-29T20:00Z,,,,
Q16724213@20261005T20,16724213,Roman Yaremchuk,sports,4,2026-10-05T20:00Z,,,,
Q3313566@20260910T15,3313566,Mike Thibault,human,4,2026-09-10T15:00Z,,,,
Q86838090@20261001T11,86838090,Eva Lys,sports,4,2026-10-01T11:00Z,,,,
Q114792995@20260911T14,114792995,Pinarello-Q36.5 Pro Cycling Team,other,4,2026-09-11T14:00Z,,,,
Q30584542@20261007T13,30584542,Marlen Reusser,sports,4,2026-10-07T13:00Z,,,,
Q462480@20261008T14,462480,Elisa Longo Borghini,sports,4,2026-10-08T14:00Z,,,,
Q30325770@20260913T17,30325770,Oliver Solberg,human,4,2026-09-13T17:00Z,,,,
Q126737368@20260927T19,126737368,2025 Grand Prix Cycliste de Montréal,other,4,2026-09-27T19:00Z,,,,
Q24284511@20261007T09,24284511,Kensō Soai,human,3,2026-10-07T09:00Z,2026-10-07T09:52:06Z,en,window,-52
Q4429434@20260923T18,4429434,Sergey Sosedov,death,3,2026-09-23T18:00Z,2026-09-23T19:13:23Z,ru,window,-73
Q7291651@20260921T02,7291651,Rande Gerber,entertainment,3,2026-09-21T02:00Z,,,,
Q98026080@20260912T00,98026080,Michael Polansky,human,3,2026-09-12T00:00Z,2026-09-12T03:52:08Z,en,window,-232
Q1471478@20260915T10,1471478,Fred Chichin,entertainment,3,2026-09-15T10:00Z,,,,
Q115130891@20261006T00,115130891,44th Quebec general election,politics,3,2026-10-06T00:00Z,2026-10-06T00:12:22Z,en,window,-12
Q401634@20260921T07,401634,Prince Ahmed bin Rashid of Dubai,death,3,2026-09-21T07:00Z,,,,
Q301600@20260915T10,301600,Ben Saunders,death,3,2026-09-15T10:00Z,2026-09-15T12:49:51Z,en,window,-170
Q110609001@20261001T21,110609001,Lito Sousa,death,3,2026-10-01T21:00Z,2026-10-01T21:37:24Z,pt,window,-37
Q124653854@20260924T18,124653854,Sayed Abu Farchi,sports,3,2026-09-24T18:00Z,,,,
Q139888354@20260925T00,139888354,American Horror Story: 13,other,3,2026-09-25T00:00Z,,,,
Q7549742@20261007T09,7549742,Soai reaction,other,3,2026-10-07T09:00Z,,,,
Q2630791@20260923T18,2630791,,death,3,2026-09-23T18:00Z,,,,
Q109436194@20260922T06,109436194,Presley Gerber,death,3,2026-09-22T06:00Z,2026-09-21T08:26:06Z,en,new,1294
Q16956307@20260923T14,16956307,Theranos,organization,3,2026-09-23T14:00Z,,,,
Q72845@20260920T15,72845,Manuela Schwesig,human,3,2026-09-20T15:00Z,,,,
Q2925039@20260916T13,2925039,Brian Wolfe,death,3,2026-09-16T13:00Z,,,,
Q107029834@20260929T00,107029834,Ran Takahashi,human,3,2026-09-29T00:00Z,,,,
Q141106319@20260924T04,141106319,Shin Ohashi,human,3,2026-09-24T04:00Z,2026-09-24T10:30:40Z,ja,window,-391
Q155458@20260914T18,155458,Staying Alive,entertainment,3,2026-09-14T18:00Z,,,,
Q929250@20260913T19,929250,Ganesh Chaturthi,other,3,2026-09-13T19:00Z,,,,
Q105704235@20260924T08,105704235,Sora Matsushima,human,3,2026-09-24T08:00Z,,,,
Q22998408@20260919T14,22998408,Babylon Berlin,entertainment,3,2026-09-19T14:00Z,,,,
Q11372978@20260927T10,11372978,Naoya Inoue,sports,3,2026-09-27T10:00Z,,,,
Q188718@20261004T05,188718,The Bridge on the River Kwai,entertainment,3,2026-10-04T05:00Z,,,,
Q684020@20260915T22,684020,Roberto Clemente,sports,3,2026-09-15T22:00Z,,,,
Q1535182@20261005T03,1535182,Kirin Cup,other,3,2026-10-05T03:00Z,,,,
Q43769705@20260927T13,43769705,Yann Aurel Bisseck,sports,3,2026-09-27T13:00Z,,,,
Q442809@20261005T06,442809,Police Python 357,entertainment,3,2026-10-05T06:00Z,,,,
Q3549320@20260923T05,3549320,A Private Affair,entertainment,3,2026-09-23T05:00Z,,,,
Q977018@20261003T17,977018,Lyle Odelein,death,3,2026-10-03T17:00Z,,,,
Q608943@20260928T05,608943,Birdman of Alcatraz,entertainment,3,2026-09-28T05:00Z,,,,
Q113532157@20261001T17,113532157,Derry Scherhant,sports,3,2026-10-01T17:00Z,,,,
Q121354576@20260927T08,121354576,Daiki Ōnosato,human,3,2026-09-27T08:00Z,2026-09-27T08:49:57Z,ja,window,-50
Q773998@20260916T05,773998,Two Lovers,entertainment,3,2026-09-16T05:00Z,,,,
Q26250597@20260913T03,26250597,Teófimo López,sports,3,2026-09-13T03:00Z,,,,
Q129243520@20261005T18,129243520,Issa Doumbia,sports,3,2026-10-05T18:00Z,,,,
Q124357777@20260918T16,124357777,Esteban Lepaul,sports,3,2026-09-18T16:00Z,,,,
Q176558@20260916T14,176558,Annie Dillard,death,3,2026-09-16T14:00Z,2026-09-16T14:16:22Z,en,window,-16
Q926963@20260913T07,926963,Alan Ritchson,entertainment,3,2026-09-13T07:00Z,,,,
Q3236161@20261005T20,3236161,Kane and Abel,other,3,2026-10-05T20:00Z,,,,
Q6808677@20260918T05,6808677,Megan Is Missing,entertainment,3,2026-09-18T05:00Z,,,,
Q2843080@20260927T21,2843080,Enner Valencia,sports,3,2026-09-27T21:00Z,2026-09-27T22:03:41Z,es,window,-64
Q895730@20260925T10,895730,The Rider on the White Horse,other,3,2026-09-25T10:00Z,,,,
Q696236@20261007T14,696236,Magic Knight Rayearth,other,3,2026-10-07T14:00Z,,,,
Q5474627@20260928T09,5474627,Seela Sella,death,3,2026-09-28T09:00Z,2026-09-28T10:45:05Z,fi,window,-105
Q122874608@20260926T19,122874608,2027 FIVB Volleyball Men's World Championship,sports,3,2026-09-26T19:00Z,,,,
Q2915488@20261006T13,2915488,World Space Week,other,3,2026-10-06T13:00Z,,,,
Q132537@20261003T21,132537,,human,3,2026-10-03T21:00Z,,,,
Q106873503@20260924T18,106873503,Hannah Einbinder,entertainment,3,2026-09-24T18:00Z,,,,
Q965@20261002T21,965,Burkina Faso,other,3,2026-10-02T21:00Z,,,,
Q3067221@20260923T19,3067221,Fatima Ezzahra El Mansouri,human,3,2026-09-23T19:00Z,,,,
Q4160262@20260923T05,4160262,GeeGun,entertainment,3,2026-09-23T05:00Z,,,,
Q120366@20261006T11,120366,Jeanne Tripplehorn,entertainment,3,2026-10-06T11:00Z,,,,
Q1058@20260917T01,1058,Narendra Modi,human,3,2026-09-17T01:00Z,,,,
Q18686107@20260928T20,18686107,Fei-Fei Li,human,3,2026-09-28T20:00Z,,,,
Q8051047@20260923T15,8051047,Yechiel Leiter,human,3,2026-09-23T15:00Z,,,,
Q53325@20260911T20,53325,Arthur Ashe,sports,3,2026-09-11T20:00Z,,,,
Q7070592@20260930T23,7070592,Nutty Putty Cave,other,3,2026-09-30T23:00Z,,,,
Q111233765@20261001T12,111233765,FX Fighter Kurumi-chan,other,3,2026-10-01T12:00Z,,,,
Q105301361@20261004T22,105301361,Erika Hilton,human,3,2026-10-04T22:00Z,,,,
Q503110@20260928T05,503110,Robert Stroud,human,3,2026-09-28T05:00Z,,,,
Q2756486@20260913T20,2756486,Cheetah Chrome,death,3,2026-09-13T20:00Z,,,,
Q32055@20260929T16,32055,Bernard Arnault,human,3,2026-09-29T16:00Z,,,,
Q2331775@20260911T06,2331775,Stanley Praimnath,human,3,2026-09-11T06:00Z,,,,
Q190602@20260917T18,190602,Annette Bening,entertainment,3,2026-09-17T18:00Z,,,,
Q108114740@20260924T17,108114740,Philipp Treu,sports,3,2026-09-24T17:00Z,,,,
Q28973866@20260929T10,28973866,Vinícius Júnior,sports,3,2026-09-29T10:00Z,,,,
Q261534@20260924T09,261534,Diego Forlán,sports,3,2026-09-24T09:00Z,,,,
Q128799@20260927T20,128799,,entertainment,3,2026-09-27T20:00Z,,,,
Q109672882@20260927T05,109672882,Nick Walker,human,3,2026-09-27T05:00Z,,,,
Q40026@20261002T18,40026,Sylvester Stallone,entertainment,3,2026-10-02T18:00Z,,,,
Q1540822@20260923T06,1540822,Rose Tattoo,entertainment,3,2026-09-23T06:00Z,,,,
Q461605@20261004T13,461605,Marjoe Gortner,death,3,2026-10-04T13:00Z,,,,
Q86307967@20261003T20,86307967,Tarik Skubal,sports,3,2026-10-03T20:00Z,,,,
Q179414@20260920T11,179414,Kate Beckinsale,entertainment,3,2026-09-20T11:00Z,,,,
Q138023779@20261006T15,138023779,The Laid-Off Cheat-Granting Mage Enjoys a Second Lease on Life,other,3,2026-10-06T15:00Z,,,,
Q135152999@20261003T16,135152999,Magic Repo Man,other,3,2026-10-03T16:00Z,,,,
Q137612820@20261006T16,137612820,Bally Bagayoko,human,3,2026-10-06T16:00Z,,,,
Q313927@20260926T00,313927,Dani Osvaldo,sports,3,2026-09-26T00:00Z,,,,
Q215968@20260920T09,215968,Jan Žižka,human,3,2026-09-20T09:00Z,,,,
Q451256@20260924T16,451256,Odile Versois,entertainment,3,2026-09-24T16:00Z,,,,
Q30935992@20261006T22,30935992,Yoshinobu Yamamoto,sports,3,2026-10-06T22:00Z,,,,
Q114267696@20260914T05,114267696,Alexey Milchakov,human,3,2026-09-14T05:00Z,,,,
Q691@20260914T14,691,Papua New Guinea,other,3,2026-09-14T14:00Z,,,,
Q1048085@20260921T07,1048085,Black Rain,entertainment,3,2026-09-21T07:00Z,,,,
Q138769603@20261005T15,138769603,FIFA ASEAN Cup,sports,3,2026-10-05T15:00Z,2026-10-05T16:10:20Z,en,window,-70
Q27040203@20260920T23,27040203,Lance Oppenheim,entertainment,3,2026-09-20T23:00Z,,,,
Q138528766@20261002T11,138528766,Coven Academy,entertainment,3,2026-10-02T11:00Z,,,,
Q117536833@20260917T16,117536833,Jake Bongiovi,entertainment,3,2026-09-17T16:00Z,,,,
Q3335546@20260917T08,3335546,Nance O'Neil,entertainment,3,2026-09-17T08:00Z,,,,
Q34012@20260913T15,34012,Marlon Brando,entertainment,3,2026-09-13T15:00Z,,,,
Q119798@20261002T07,119798,Michael Douglas,entertainment,3,2026-10-02T07:00Z,,,,
Q3319856@20261008T06,3319856,Xosé Manuel Beiras,death,3,2026-10-08T06:00Z,,,,
Q3483072@20260920T10,3483072,Sid Ahmed Agoumi,death,3,2026-09-20T10:00Z,2026-09-20T18:29:05Z,en,new,-509
Q659976@20260911T06,659976,Ramzi bin al-Shibh,human,3,2026-09-11T06:00Z,,,,
Q96012717@20260928T17,96012717,Patrik Wålemark,sports,3,2026-09-28T17:00Z,,,,
Q815520@20260926T14,815520,Feast of the Cross,other,3,2026-09-26T14:00Z,,,,
Q139714508@20260910T20,139714508,Mezian Mesloub,sports,3,2026-09-10T20:00Z,,,,
Q332111@20260924T00,332111,Francisco Morazán,human,3,2026-09-24T00:00Z,,,,
Q257442@20260917T14,257442,Sarah Paulson,entertainment,3,2026-09-17T14:00Z,,,,
Q205876@20260928T00,205876,Mighty Sparrow,death,3,2026-09-28T00:00Z,2026-09-28T16:55:37Z,en,window,-1016
Q122540255@20261003T15,122540255,Even the Student Council Has Its Holes!,other,3,2026-10-03T15:00Z,,,,
Q318159@20260926T04,318159,"Abe Laboriel, Jr.",entertainment,3,2026-09-26T04:00Z,,,,
Q121143346@20260925T16,121143346,2026 Men's European Volleyball Championship,sports,3,2026-09-25T16:00Z,2026-09-25T17:06:21Z,pl,window,-66
Q121143346@20260910T13,121143346,2026 Men's European Volleyball Championship,sports,3,2026-09-10T13:00Z,,,,
Q134346787@20260925T18,134346787,Alessandro Romano,sports,3,2026-09-25T18:00Z,,,,
Q189081@20260920T10,189081,Howard Hughes,entertainment,3,2026-09-20T10:00Z,,,,
Q1069994@20261007T09,1069994,Tokyo University of Science,organization,3,2026-10-07T09:00Z,,,,
Q483035@20260930T13,483035,Lee Hong-koo,human,3,2026-09-30T13:00Z,,,,
Q101247586@20260913T20,101247586,Malik Willis,sports,3,2026-09-13T20:00Z,,,,
Q9671@20261003T01,9671,Michael Schumacher,human,3,2026-10-03T01:00Z,,,,
Q438085@20260917T08,438085,Jessica Barden,entertainment,3,2026-09-17T08:00Z,,,,
Q297552@20261003T16,297552,Tom Morello,entertainment,3,2026-10-03T16:00Z,,,,
Q111684978@20260925T16,111684978,Knock at the Cabin,entertainment,3,2026-09-25T16:00Z,,,,
Q50602@20260925T20,50602,Manchester City F.C.,sports,3,2026-09-25T20:00Z,,,,
Q98198106@20261002T18,98198106,Adrien Truffert,sports,3,2026-10-02T18:00Z,,,,
Q42838@20261009T05,42838,Leif Erikson,human,3,2026-10-09T05:00Z,,,,
Q121143346@20260919T13,121143346,2026 Men's European Volleyball Championship,sports,3,2026-09-19T13:00Z,,,,
Q111336539@20260930T23,111336539,Nico Paz,sports,3,2026-09-30T23:00Z,,,,
Q50042@20261007T22,50042,Carina Nebula,other,3,2026-10-07T22:00Z,,,,
Q124424082@20260912T17,124424082,Iyana Martín Carrión,sports,3,2026-09-12T17:00Z,,,,
Q229313@20261007T17,229313,Jessica Chastain,entertainment,3,2026-10-07T17:00Z,,,,
Q104880809@20260915T01,104880809,Slow Horses,entertainment,3,2026-09-15T01:00Z,,,,
Q110607238@20260925T17,110607238,Diego Coppola,sports,3,2026-09-25T17:00Z,,,,
Q19908139@20260920T18,19908139,2016 Russian legislative election,other,3,2026-09-20T18:00Z,,,,
Q3899406@20260930T11,3899406,Peppino Mazzullo,death,3,2026-09-30T11:00Z,,,,
Q135726127@20260914T12,135726127,Romantics Anonymous,entertainment,3,2026-09-14T12:00Z,,,,
Q123331743@20260927T00,123331743,Noa Argamani,human,3,2026-09-27T00:00Z,,,,
Q7836292@20260925T04,7836292,Travis Kelce,sports,3,2026-09-25T04:00Z,,,,
Q131401054@20261003T22,131401054,Ateba Abega Gautier,sports,3,2026-10-03T22:00Z,2026-10-04T00:41:11Z,en,window,-161
Q490229@20260911T08,490229,9/11,other,3,2026-09-11T08:00Z,,,,
Q1743290@20260928T09,1743290,,death,3,2026-09-28T09:00Z,2026-09-28T11:25:25Z,fr,window,-145
Q7606645@20260913T20,7606645,Stefon Diggs,sports,3,2026-09-13T20:00Z,,,,
Q1740104@20261001T06,1740104,Kevin Chamberlin,entertainment,3,2026-10-01T06:00Z,,,,
Q3337646@20261007T06,3337646,Nebraska,entertainment,3,2026-10-07T06:00Z,,,,
Q134042281@20260924T19,134042281,Benjamín Noval,sports,3,2026-09-24T19:00Z,,,,
Q116691867@20260914T05,116691867,Ruslan Kravchenko,human,3,2026-09-14T05:00Z,,,,
Q106776925@20260928T18,106776925,Andy Diouf,sports,3,2026-09-28T18:00Z,,,,
Q1894@20260917T00,1894,Memphis Depay,sports,3,2026-09-17T00:00Z,,,,
Q582066@20261005T06,582066,,death,3,2026-10-05T06:00Z,,,,
Q7286238@20260920T08,7286238,Rajiv Malhotra,human,3,2026-09-20T08:00Z,,,,
Q1484003@20260910T07,1484003,Bastard Out of Carolina,entertainment,3,2026-09-10T07:00Z,,,,
Q139815583@20260912T12,139815583,A Love Other Than Yours,entertainment,3,2026-09-12T12:00Z,,,,
Q1535182@20261001T05,1535182,Kirin Cup,other,3,2026-10-01T05:00Z,,,,
Q493597@20260922T02,493597,Choi Tae-joon,entertainment,3,2026-09-22T02:00Z,,,,
Q20435178@20260927T18,20435178,Alexander Nübel,sports,3,2026-09-27T18:00Z,,,,
Q278650@20260912T18,278650,Sakari Oramo,entertainment,3,2026-09-12T18:00Z,,,,
Q1834804@20261004T21,1834804,Chamber of Deputies,other,3,2026-10-04T21:00Z,,,,
Q141507603@20261008T05,141507603,Deaths in October 2026,other,3,2026-10-08T05:00Z,2026-10-07T07:20:55Z,en,window,1299
Q63384393@20260918T09,63384393,Josep Martínez,sports,3,2026-09-18T09:00Z,,,,
Q13560902@20260928T18,13560902,Kimberly Guilfoyle,entertainment,3,2026-09-28T18:00Z,,,,
Q3634690@20261007T09,3634690,Barbara Spinelli,death,3,2026-10-07T09:00Z,,,,
Q958769@20260928T10,958769,National Academy of Sciences of Ukraine,other,3,2026-09-28T10:00Z,,,,
Q969725@20260929T19,969725,Harry Kane,sports,3,2026-09-29T19:00Z,,,,
Q153700@20260914T19,153700,Oriana Fallaci,human,3,2026-09-14T19:00Z,,,,
Q2353139@20260917T19,2353139,Assala,entertainment,3,2026-09-17T19:00Z,,,,
Q2471414@20260911T12,2471414,Satam al-Suqami,human,3,2026-09-11T12:00Z,,,,
Q1166180@20260923T06,1166180,Julia,entertainment,3,2026-09-23T06:00Z,,,,
Q141610089@20261001T03,141610089,,human,3,2026-10-01T03:00Z,,,,
Q10364348@20261004T20,10364348,Ronaldo Caiado,human,3,2026-10-04T20:00Z,,,,
Q2305266@20260917T00,2305266,Soviet invasion of Poland,other,3,2026-09-17T00:00Z,,,,
Q203225@20260924T22,203225,Battle of Stamford Bridge,other,3,2026-09-24T22:00Z,,,,
Q3087003@20261006T22,3087003,Freddie Freeman,sports,3,2026-10-06T22:00Z,,,,
Q129243520@20260928T19,129243520,Issa Doumbia,sports,3,2026-09-28T19:00Z,,,,
Q113641997@20260923T17,113641997,Toy Story 5,other,3,2026-09-23T17:00Z,,,,
Q17306009@20261006T22,17306009,Enrique Hernández,sports,3,2026-10-06T22:00Z,,,,
Q657207@20260925T04,657207,Peter Nogly,death,3,2026-09-25T04:00Z,,,,
Q17487638@20260917T09,17487638,Billie Lourd,entertainment,3,2026-09-17T09:00Z,,,,
Q820002@20260919T19,820002,Mamayev Kurgan,other,3,2026-09-19T19:00Z,,,,
Q129677718@20261002T05,129677718,Digger,entertainment,3,2026-10-02T05:00Z,,,,
Q136440942@20261004T12,136440942,Daryz,other,3,2026-10-04T12:00Z,2026-10-04T14:35:14Z,en,window,-155
Q112128716@20261003T23,112128716,Gianluca Prestianni,sports,3,2026-10-03T23:00Z,,,,
Q24809702@20260927T20,24809702,Lamar Jackson,sports,3,2026-09-27T20:00Z,,,,
Q44653@20260911T19,44653,Malcolm Young,entertainment,3,2026-09-11T19:00Z,,,,
Q909737@20261002T06,909737,En la casa de fulano cuando estaba tomando te,other,3,2026-10-02T06:00Z,,,,
Q270740@20260929T05,270740,Samuel of Bulgaria,human,3,2026-09-29T05:00Z,,,,
Q528225@20260916T09,528225,Esterina Tartman,death,3,2026-09-16T09:00Z,,,,
Q738429@20260920T16,738429,Besnik Hasi,sports,3,2026-09-20T16:00Z,,,,
Q577581@20260918T10,577581,Martyrs,entertainment,3,2026-09-18T10:00Z,,,,
Q124283398@20261002T18,124283398,Jérémy Jacquet,sports,3,2026-10-02T18:00Z,,,,
Q648503@20260911T06,648503,Shanksville,other,3,2026-09-11T06:00Z,,,,
Q131523413@20261001T00,131523413,Verity,entertainment,3,2026-10-01T00:00Z,,,,
